{"11": {"25": {"1": [["4764", "11:25"]]}, "30": {"1": [["4764", "11:30"]]}}, "10": {"7": {"1": [["4764", "10:7"]]}}, "12": {"1": {"1": [["4764", "12:1"]]}, "12": {"1": [["4764", "12:12"]]}, "21": {"1": [["4764", "12:21"]]}, "4": {"1": [["4764", "12:4"]]}}, "3": {"9": {"1": [["4764", "3:9"]]}}, "2": {"9": {"1": [["4764", "2:9"]]}, "13": {"1": [["4764", "2:13"]]}, "15": {"1": [["4764", "2:15"]]}, "6": {"1": [["4764", "2:6"]]}}, "5": {"11": {"1": [["4764", "5:11"]]}, "10": {"1": [["4764", "5:10"]]}, "8": {"1": [["4764", "5:8"]]}, "6": {"1": [["4764", "5:6"]]}}, "4": {"10": {"1": [["4764", "4:10"]]}}, "7": {"9": {"1": [["4764", "7:9"]]}, "10": {"1": [["4764", "7:10"]]}, "12": {"1": [["4764", "7:12"]]}}, "6": {"11": {"1": [["4764", "6:11"]], "2": [["4764", "6:11"]]}, "19": {"1": [["4764", "6:19"]]}}, "9": {"6": {"1": [["4764", "9:6"]]}}, "8": {"2": {"1": [["4764", "8:2"]]}, "15": {"1": [["4764", "8:15"]]}}}