{"1": {"1": {"1": [[1, [8, 15], 0], [4, [7, 89], 0], [4, [8, 2], 0], [2, [40, 35], 0], [2, [19, 3], 0], [4, [7, 89], 0], [2, [3, 4], 0], [1, [8, 15], 0], [4, [8, 2], 0], [2, [40, 35], 0], [2, [19, 3], 0], [2, [3, 4], 0]], "2": [[1, [8, 15], 0], [4, [8, 2], 0], [1, [8, 15], 0], [4, [8, 2], 0]]}, "5": {"1": [[558, [14], 0], [558, [14], 0]]}, "15": {"2": [[12, [51, 17], 0], [27, [75, 9], 0], [27, [75, 9], 0], [12, [51, 17], 0]]}}, "2": {"1": {"1": [[1, [4, 3], 0], [1, [4, 3], 0], [2, [32, 34], 0], [2, [32, 34], 0]]}, "2": {"2": [[12, [66, 3], 0], [3, [24, 7], 0], [3, [24, 7], 0], [12, [66, 3], 0]]}, "12": {"1": [[5, [26, 2], 0], [5, [26, 2], 0]]}, "14": {"2": [[32, [3, 16], 0], [32, [3, 16], 0]]}}, "3": {"1": {"1": [[27, [117, 18], 0], [27, [117, 18], 0]]}}, "4": {"12": {"1": [[3, [6, 4], 0], [3, [6, 4], 0]]}, "22": {"1": [[34, [6, 8], 0], [34, [6, 8], 0]]}}, "5": {"9": {"1": [[3, [1, 15], 0], [3, [1, 15], 0]]}}, "6": {"11": {"1": [[2, [29, 37], 0], [3, [11, 8], 0], [3, [11, 8], 0], [2, [29, 37], 0]]}, "3": {"1": [[8, [4, 12], 0], [4, [23, 18], 0], [4, [24, 3], 0], [4, [23, 18], 0], [4, [24, 3], 0], [8, [4, 12], 0]]}, "13": {"1": [[559, [102], 0], [559, [102], 0]]}, "14": {"2": [[12, [13, 20], 0], [2, [10, 21], 0], [12, [13, 20], 0], [2, [10, 21], 0]]}}, "7": {"18": {"1": [[558, [58], 0], [558, [58], 0]]}, "12": {"1": [[531, [108], 0], [531, [108], 0]]}}, "10": {"1": {"1": [[3, [1, 7], 0], [10, [18, 25], 0], [3, [1, 7], 0], [10, [18, 25], 0]]}, "2": {"1": [[2, [19, 8], 0], [7, [17, 3], 0], [2, [19, 8], 0], [7, [17, 3], 0]]}, "3": {"1": [[3, [21, 10], 0], [3, [21, 10], 0]], "4": [[558, [230], 0], [14, [24], 0], [558, [230], 0], [2, [29, 43], 0], [14, [24], 0], [2, [29, 43], 0]]}, "16": {"1": [[558, [18], 0], [558, [18], 0]]}, "17": {"1": [[555, [18], 0], [555, [18], 0]]}, "18": {"1": [[3, [6, 23], 0], [3, [6, 23], 0]]}, "19": {"1": [[548, [72], 0], [548, [72], 0]]}}, "11": {"8": {"1": [[2, [30, 29], 0], [2, [30, 29], 0]]}, "40": {"1": [[567, [84], 0], [3, [22, 8], 0], [3, [22, 8], 0], [567, [84], 0]]}, "3": {"2": [[532, [172], 0], [532, [172], 0]]}, "21": {"1": [[1, [2, 21], 0], [1, [2, 21], 0]]}, "37": {"2": [[35, [1, 12], 0], [35, [1, 12], 0]]}}, "12": {"2": {"5": [[13, [8, 18], 0], [13, [8, 18], 0]]}, "7": {"1": [[543, [148], 0], [543, [148], 0]]}}, "13": {"2": {"3": [[29, [37, 21], 0], [29, [37, 21], 0]], "4": [[8, [2, 36], 0], [8, [2, 36], 0]], "5": [[2, [4, 6], 0], [2, [4, 6], 0]]}, "52": {"1": [[14, [28, 24], 0], [5, [28, 20], 0], [5, [28, 20], 0], [14, [28, 24], 0]]}}, "14": {"56": {"1": [[4, [8, 6], 0], [9, [11, 25], 0], [4, [8, 6], 0], [9, [11, 25], 0]]}, "41": {"1": [[12, [44, 13], 0], [12, [44, 13], 0]]}}, "15": {"3": {"1": [[8, [21, 14], 0], [8, [21, 14], 0]]}, "24": {"1": [[567, [64], 0], [567, [64], 0]]}, "11": {"1": [[28, [30, 20], 0], [29, [14, 19], 0], [567, [30], 0], [28, [30, 20], 0], [7, [3, 24], 0], [3, [6, 21], 0], [12, [28, 2], 0], [29, [14, 19], 0], [3, [6, 21], 0], [12, [28, 2], 0], [7, [3, 24], 0], [567, [30], 0]]}, "25": {"1": [[567, [146], 0], [567, [146], 0]]}}, "16": {"2": {"1": [[2, [25, 22], 0], [2, [25, 22], 0]]}, "10": {"1": [[3, [14, 7], 0], [2, [3, 1], 0], [3, [14, 7], 0], [2, [3, 1], 0]], "2": [[5, [19, 11], 0], [5, [19, 11], 0]]}}, "18": {"18": {"1": [[8, [1, 6], 0], [8, [1, 6], 0]]}}, "19": {"35": {"2": [[318, [6, 4], 0], [318, [6, 4], 0]]}, "5": {"1": [[3, [3, 6], 0], [3, [3, 6], 0]]}, "10": {"1": [[13, [6, 9], 0], [13, [6, 9], 0]]}, "11": {"2": [[3, [5, 22], 0], [3, [5, 22], 0]]}, "13": {"2": [[9, [23, 21], 0], [9, [23, 21], 0]]}, "16": {"1": [[35, [3, 8], 0], [9, [22, 14], 0], [35, [3, 8], 0], [9, [22, 14], 0]]}, "17": {"1": [[13, [7], 0], [13, [7], 0]]}, "18": {"3": [[28, [8, 13], 0], [28, [8, 13], 0]]}, "19": {"1": [[1, [1, 11], 0], [1, [1, 11], 0]]}, "20": {"1": [[2, [21, 4], 0], [7, [5, 18], 0], [2, [21, 4], 0], [7, [5, 18], 0]], "3": [[3, [13, 36], 0], [3, [13, 36], 0]]}, "23": {"1": [[13, [6, 10], 0], [14, [44, 9], 0], [13, [6, 10], 0], [14, [44, 9], 0]]}, "24": {"1": [[5, [14, 23], 0], [5, [14, 23], 0]]}, "26": {"2": [[553, [126], 0], [553, [126], 0]]}}, "20": {"17": {"1": [[28, [25, 10], 0], [28, [14, 34], 0], [28, [25, 10], 0], [28, [14, 34], 0]]}}, "21": {"1": {"1": [[4, [6, 7], 0], [4, [6, 7], 0]]}, "5": {"1": [[5, [14, 1], 0], [5, [14, 1], 0]]}, "9": {"1": [[553, [100], 0], [553, [100], 0]]}}, "23": {"24": {"1": [[4, [10, 9], 0], [4, [10, 9], 0]]}, "43": {"1": [[537, [22], 0], [5, [16, 13], 0], [5, [8, 2], 0], [5, [8, 7], 0], [537, [22], 0], [5, [16, 13], 0], [5, [8, 2], 0], [5, [8, 7], 0]]}, "2": {"1": [[33, [2, 15], 0], [33, [2, 15], 0]]}, "27": {"2": [[4, [29, 8], 0], [4, [29, 8], 0]]}}, "25": {"34": {"1": [[4, [35], 0], [4, [35], 0]]}}, "26": {"1": {"1": [[27, [73, 7], 0], [27, [73, 7], 0]]}, "35": {"2": [[1, [11, 28], 0], [1, [39, 12], 0], [1, [5, 5], 0], [1, [11, 28], 0], [1, [39, 12], 0], [27, [114, 3], 0], [1, [5, 5], 0], [27, [114, 3], 0]]}, "36": {"1": [[29, [23, 16], 0], [5, [20, 8], 0], [29, [23, 16], 0], [12, [58, 13], 0], [12, [58, 13], 0], [5, [20, 8], 0]]}, "10": {"1": [[5, [14, 28], 0], [5, [14, 28], 0]]}, "13": {"1": [[13, [27, 2], 0], [13, [27, 2], 0]]}, "18": {"1": [[28, [24, 16], 0], [28, [24, 16], 0], [12, [30, 26], 0], [12, [4, 1], 0], [12, [30, 26], 0], [12, [4, 1], 0]]}, "19": {"1": [[14, [16, 49], 0], [14, [24, 21], 0], [14, [16, 49], 0], [14, [24, 21], 0]]}, "21": {"1": [[1, [47, 6], 0], [28, [28, 17], 0], [4, [23, 15], 0], [28, [28, 17], 0], [1, [47, 6], 0], [4, [23, 15], 0]]}, "26": {"1": [[29, [19, 3], 0], [29, [19, 3], 0]], "3": [[14, [4, 16], 0], [14, [4, 16], 0]]}, "28": {"1": [[5, [8, 5], 0], [5, [21, 18], 0], [14, [25, 4], 0], [5, [8, 5], 0], [5, [21, 18], 0], [14, [25, 4], 0]]}, "30": {"1": [[13, [7, 32], 0], [13, [7, 32], 0]]}}, "27": {"27": {"1": [[563, [64], 0], [563, [64], 0]]}}}