{"1": {"11": {"1": [["4768", "1:11"]]}, "10": {"1": [["4768", "1:10"]], "3": [["4768", "1:10"]], "2": [["4768", "1:10"]]}, "13": {"1": [["4768", "1:13"]]}, "12": {"1": [["4768", "1:12"]]}, "15": {"1": [["1323", "44b"], ["4768", "1:15"]]}, "14": {"1": [["4768", "1:14"]], "2": [["4768", "1:14"]]}, "17": {"1": [["4768", "1:17"]], "2": [["4768", "1:17"]]}, "16": {"1": [["4768", "1:16"]], "2": [["4768", "1:16"]]}, "1": {"1": [["4768", "1:1"]], "3": [["1340", "22a"], ["4768", "1:1"]], "2": [["4768", "1:1"]], "5": [["4768", "1:1"]], "4": [["4768", "1:1"]], "7": [["4768", "1:1"]], "6": [["4768", "1:1"]]}, "3": {"1": [["1320", "64a"], ["4768", "1:3"]], "3": [["4768", "1:3"]], "2": [["4768", "1:3"]]}, "2": {"1": [["4768", "1:2"]], "3": [["4768", "1:2"]], "2": [["4768", "1:2"]], "4": [["4768", "1:2"]]}, "5": {"1": [["4768", "1:5"]], "3": [["4768", "1:5"]], "2": [["4768", "1:5"]]}, "4": {"1": [["4768", "1:4"]]}, "7": {"1": [["4768", "1:7"]], "3": [["4768", "1:7"]], "2": [["4768", "1:7"]]}, "6": {"1": [["4768", "1:6"]]}, "9": {"1": [["4768", "1:9"]]}, "8": {"1": [["4768", "1:8"]]}}, "3": {"24": {"1": [["4768", "3:24"]], "3": [["4768", "3:24"]], "2": [["4768", "3:24"]]}, "20": {"1": [["4768", "3:20"]]}, "21": {"1": [["4768", "3:21"]], "2": [["4768", "3:21"]]}, "22": {"1": [["4768", "3:22"]]}, "23": {"1": [["4768", "3:23"]]}, "2": {"1": [["4768", "3:2"]], "2": [["4768", "3:2"]]}, "5": {"1": [["4768", "3:5"]], "2": [["4768", "3:5"]]}, "4": {"1": [["4768", "3:4"]]}, "7": {"1": [["4768", "3:7"]], "2": [["4768", "3:7"]]}, "6": {"1": [["4768", "3:6"]], "2": [["4768", "3:6"]]}, "9": {"1": [["4768", "3:9"]], "3": [["4768", "3:9"]], "2": [["4768", "3:9"]]}, "8": {"1": [["1321", "68a"], ["4768", "3:8"]], "3": [["4768", "3:8"]], "2": [["4768", "3:8"]]}, "11": {"1": [["4768", "3:11"]]}, "10": {"1": [["4768", "3:10"]], "2": [["4768", "3:10"]]}, "13": {"1": [["4768", "3:13"]], "3": [["4768", "3:13"]], "2": [["4768", "3:13"]], "4": [["4768", "3:13"]]}, "12": {"1": [["4768", "3:12"]], "3": [["4768", "3:12"]], "2": [["4768", "3:12"]]}, "15": {"1": [["4768", "3:15"]]}, "14": {"1": [["4768", "3:14"]], "2": [["4768", "3:14"]]}, "17": {"1": [["4768", "3:17"]]}, "16": {"1": [["4768", "3:16"]], "3": [["4768", "3:16"]], "2": [["4768", "3:16"]]}, "19": {"1": [["4768", "3:19"]]}, "18": {"1": [["4768", "3:18"]], "3": [["4768", "3:18"]], "2": [["4768", "3:18"]], "4": [["4768", "3:18"]]}}, "2": {"11": {"1": [["4768", "2:11"]], "3": [["4768", "2:11"]], "2": [["4768", "2:11"]], "5": [["4768", "2:11"]], "4": [["4768", "2:11"]]}, "10": {"1": [["4768", "2:10"]], "3": [["4768", "2:10"]], "2": [["4768", "2:10"]], "5": [["4768", "2:10"]], "4": [["4768", "2:10"]], "7": [["4768", "2:10"]], "6": [["4768", "2:10"]], "8": [["4768", "2:10"]]}, "12": {"1": [["4768", "2:12"]], "3": [["4768", "2:12"]], "2": [["4768", "2:12"]]}, "1": {"1": [["4768", "2:1"]], "2": [["4768", "2:1"]]}, "3": {"1": [["4768", "2:3"]], "2": [["4768", "2:3"]]}, "2": {"1": [["4768", "2:2"]], "2": [["4768", "2:2"]]}, "5": {"1": [["4768", "2:5"]], "2": [["4768", "2:5"]]}, "4": {"1": [["4768", "2:4"]], "2": [["4768", "2:4"]]}, "7": {"1": [["4768", "2:7"]]}, "6": {"1": [["4768", "2:6"]], "3": [["1340", "84a"], ["4768", "2:6"]], "2": [["4768", "2:6"]], "5": [["4768", "2:6"]], "4": [["4768", "2:6"]]}, "9": {"1": [["4768", "2:9"]]}, "8": {"1": [["4768", "2:8"]], "3": [["4768", "2:8"]], "2": [["4768", "2:8"]], "4": [["4768", "2:8"]]}}, "5": {"11": {"1": [["4768", "5:11"]], "2": [["4768", "5:11"]]}, "10": {"1": [["4768", "5:10"]], "3": [["4768", "5:10"]], "2": [["4768", "5:10"]], "4": [["4768", "5:10"]]}, "13": {"1": [["4768", "5:13"]]}, "12": {"1": [["4768", "5:12"]], "2": [["4768", "5:12"]]}, "15": {"1": [["4768", "5:15"]]}, "14": {"1": [["4768", "5:14"]], "2": [["4768", "5:14"]]}, "17": {"1": [["4768", "5:17"]], "3": [["4768", "5:17"]], "2": [["4768", "5:17"]], "5": [["4768", "5:17"]], "4": [["4768", "5:17"]], "6": [["4768", "5:17"]]}, "16": {"1": [["4768", "5:16"]], "2": [["4768", "5:16"]]}, "19": {"1": [["4768", "5:19"]]}, "18": {"1": [["4768", "5:18"]], "2": [["4768", "5:18"]]}, "1": {"1": [["4768", "5:1"]], "3": [["4768", "5:1"]], "2": [["4768", "5:1"]]}, "3": {"1": [["4768", "5:3"]], "3": [["4768", "5:3"]], "2": [["4768", "5:3"]], "4": [["4768", "5:3"]]}, "2": {"1": [["4768", "5:2"]]}, "5": {"1": [["4768", "5:5"]], "3": [["4768", "5:5"]], "2": [["4768", "5:5"]], "5": [["4768", "5:5"]], "4": [["4768", "5:5"]]}, "7": {"1": [["4768", "5:7"]]}, "6": {"1": [["4768", "5:6"]], "2": [["4768", "5:6"]]}, "9": {"1": [["4768", "5:9"]]}, "8": {"1": [["4768", "5:8"]], "2": [["4768", "5:8"]]}}, "4": {"11": {"1": [["4768", "4:11"]]}, "10": {"1": [["4768", "4:10"]]}, "13": {"1": [["4768", "4:13"]]}, "12": {"1": [["4768", "4:12"]], "3": [["4768", "4:12"]], "2": [["4768", "4:12"]], "4": [["4768", "4:12"]]}, "14": {"1": [["4768", "4:14"]], "2": [["4768", "4:14"]]}, "17": {"1": [["4768", "4:17"]]}, "16": {"1": [["4768", "4:16"]]}, "18": {"1": [["4768", "4:18"]]}, "1": {"1": [["4768", "4:1"]], "3": [["4768", "4:1"]], "2": [["4768", "4:1"]], "4": [["4768", "4:1"]]}, "3": {"1": [["4768", "4:3"]]}, "2": {"1": [["4768", "4:2"]]}, "4": {"1": [["4768", "4:4"]], "3": [["4768", "4:4"]], "2": [["4768", "4:4"]], "5": [["4768", "4:4"]], "4": [["4768", "4:4"]], "6": [["4768", "4:4"]]}, "7": {"1": [["4768", "4:7"]], "3": [["4768", "4:7"]], "2": [["4768", "4:7"]]}, "6": {"1": [["4768", "4:6"]], "3": [["4768", "4:6"]], "2": [["4768", "4:6"]]}, "9": {"1": [["4768", "4:9"]]}, "8": {"1": [["1321", "76a"], ["4768", "4:8"]]}}, "7": {"11": {"1": [["4768", "7:11"]], "2": [["4768", "7:11"]]}, "10": {"1": [["4768", "7:10"]], "3": [["4768", "7:10"]], "2": [["4768", "7:10"]], "4": [["4768", "7:10"]]}, "13": {"1": [["4768", "7:13"]], "3": [["4768", "7:13"]], "2": [["4768", "7:13"]]}, "12": {"1": [["4768", "7:12"]], "2": [["4768", "7:12"]]}, "3": {"1": [["4768", "7:3"]], "2": [["4768", "7:3"]]}, "5": {"1": [["4768", "7:5"]], "3": [["4768", "7:5"]], "2": [["4768", "7:5"]]}, "4": {"1": [["4768", "7:4"]]}, "7": {"1": [["4768", "7:7"]], "3": [["4768", "7:7"]], "2": [["4768", "7:7"]], "4": [["1348", "40a"], ["4768", "7:7"]]}, "6": {"1": [["4768", "7:6"]]}, "9": {"1": [["4768", "7:9"]], "3": [["4768", "7:9"]], "2": [["4768", "7:9"]], "4": [["4768", "7:9"]]}, "8": {"1": [["1348", "39b"], ["4768", "7:8"]], "3": [["4768", "7:8"]], "2": [["4768", "7:8"]]}}, "6": {"11": {"1": [["4768", "6:11"]], "3": [["4768", "6:11"]], "2": [["4768", "6:11"]]}, "10": {"1": [["4768", "6:10"]]}, "1": {"1": [["4768", "6:1"]], "3": [["4768", "6:1"]], "2": [["4768", "6:1"]], "5": [["4768", "6:1"]], "4": [["1348", "43a"], ["4768", "6:1"]], "6": [["4768", "6:1"]]}, "3": {"1": [["4768", "6:3"]]}, "2": {"1": [["4768", "6:2"]], "2": [["4768", "6:2"]]}, "4": {"1": [["1348", "43a"], ["4768", "6:4"]]}, "7": {"1": [["4768", "6:7"]]}, "9": {"1": [["1348", "45a"], ["4768", "6:9"]], "2": [["4768", "6:9"]]}, "8": {"1": [["4768", "6:8"]], "2": [["1340", "83a"], ["4768", "6:8"]]}}, "9": {"11": {"1": [["4768", "9:11"]], "2": [["4768", "9:11"]]}, "10": {"1": [["4768", "9:10"]]}, "13": {"1": [["4768", "9:13"]], "3": [["4768", "9:13"]], "2": [["4768", "9:13"]]}, "12": {"1": [["4768", "9:12"]]}, "15": {"1": [["4768", "9:15"]], "3": [["4768", "9:15"]], "2": [["4768", "9:15"]], "4": [["4768", "9:15"]]}, "14": {"1": [["4768", "9:14"]], "3": [["4768", "9:14"]], "2": [["4768", "9:14"]]}, "1": {"1": [["4768", "9:1"]], "3": [["4768", "9:1"]], "2": [["1340", "81b"], ["4768", "9:1"]], "4": [["4768", "9:1"]]}, "3": {"1": [["4768", "9:3"]], "2": [["4768", "9:3"]]}, "2": {"1": [["4768", "9:2"]], "2": [["4768", "9:2"]]}, "5": {"1": [["4768", "9:5"]], "2": [["4768", "9:5"]]}, "4": {"1": [["4768", "9:4"]], "2": [["4768", "9:4"]]}, "7": {"1": [["4768", "9:7"]], "2": [["4768", "9:7"]]}, "6": {"1": [["4768", "9:6"]], "2": [["4768", "9:6"]]}, "9": {"1": [["4768", "9:9"]]}, "8": {"1": [["4768", "9:8"]], "2": [["4768", "9:8"]]}}, "8": {"11": {"1": [["4768", "8:11"]], "3": [["4768", "8:11"]], "2": [["4768", "8:11"]], "5": [["4768", "8:11"]], "4": [["4768", "8:11"]], "7": [["4768", "8:11"]], "6": [["4768", "8:11"]], "8": [["4768", "8:11"]]}, "10": {"1": [["4768", "8:10"]], "2": [["4768", "8:10"]]}, "13": {"11": [["4768", "8:13"]], "10": [["4768", "8:13"]], "1": [["4768", "8:13"]], "3": [["4768", "8:13"]], "2": [["4768", "8:13"]], "5": [["4768", "8:13"]], "4": [["4768", "8:13"]], "7": [["4768", "8:13"]], "6": [["4768", "8:13"]], "9": [["4768", "8:13"]], "8": [["4768", "8:13"]]}, "12": {"1": [["4768", "8:12"]], "2": [["4768", "8:12"]]}, "15": {"1": [["4768", "8:15"]], "3": [["4768", "8:15"]], "2": [["4768", "8:15"]]}, "14": {"1": [["4768", "8:14"]], "2": [["4768", "8:14"]]}, "17": {"1": [["4768", "8:17"]], "2": [["4768", "8:17"]]}, "16": {"1": [["4768", "8:16"]], "2": [["4768", "8:16"]]}, "1": {"1": [["4768", "8:1"]], "3": [["4768", "8:1"]], "2": [["4768", "8:1"]], "4": [["4768", "8:1"]]}, "3": {"1": [["4768", "8:3"]], "2": [["4768", "8:3"]]}, "2": {"1": [["4768", "8:2"]]}, "5": {"1": [["4768", "8:5"]], "3": [["4768", "8:5"]], "2": [["4768", "8:5"]]}, "4": {"1": [["4768", "8:4"]], "3": [["4768", "8:4"]], "2": [["4768", "8:4"]]}, "7": {"1": [["4768", "8:7"]], "3": [["4768", "8:7"]], "2": [["4768", "8:7"]], "4": [["4768", "8:7"]]}, "6": {"1": [["4768", "8:6"]], "3": [["4768", "8:6"]], "2": [["4768", "8:6"]], "5": [["4768", "8:6"]], "4": [["4768", "8:6"]], "7": [["4768", "8:6"]], "6": [["4768", "8:6"]], "9": [["4768", "8:6"]], "8": [["4768", "8:6"]]}, "9": {"1": [["4768", "8:9"]]}, "8": {"1": [["4768", "8:8"]], "2": [["4768", "8:8"]]}}}