{"10": {"1": [["1267", "10:34:1"]], "3": [["1267", "10:51:1"]], "2": [["1267", "10:38:1"]]}, "1": {"1": [["1267", "1:2:1"]], "3": [["1267", "1:34:1"]], "2": [["1267", "1:13:1"]], "4": [["1267", "1:34:1"]]}, "3": {"1": [["1267", "3:22:1"]]}, "2": {"1": [["1267", "2:9:1"]], "2": [["1267", "2:49:1"]]}, "5": {"1": [["1267", "5:23:1"]], "3": [["1267", "5:55:1"]], "2": [["1267", "5:28:1"]]}, "4": {"1": [["1267", "4:6:1"]], "3": [["1267", "4:50:1"]], "2": [["1267", "4:31:1"]]}, "8": {"1": [["1267", "8:12:1"]], "3": [["1267", "8:25:1"]], "2": [["1267", "8:19:1"]]}}