{"1": {"20": {"0": [["774", "1:4"]]}, "21": {"0": [["774", "1:4"]]}, "22": {"0": [["774", "1:4"]]}, "1": {"0": [["774", "1:1"]]}, "3": {"0": [["774", "1:1"]]}, "2": {"0": [["774", "1:1"]]}, "5": {"0": [["774", "1:1"]]}, "4": {"0": [["774", "1:1"]]}, "7": {"0": [["774", "1:1"]]}, "6": {"0": [["774", "1:1"]]}, "9": {"0": [["774", "1:1"]]}, "8": {"0": [["774", "1:1"]]}, "11": {"0": [["774", "1:2"]]}, "10": {"0": [["774", "1:2"]]}, "13": {"0": [["774", "1:3"]]}, "12": {"0": [["774", "1:3"]]}, "15": {"0": [["774", "1:3"]]}, "14": {"0": [["774", "1:3"]]}, "17": {"1": [["969", "1:1"]], "0": [["774", "1:4"]]}, "16": {"0": [["774", "1:4"]]}, "19": {"0": [["774", "1:4"]]}, "18": {"0": [["774", "1:4"]]}}, "3": {"24": {"0": [["774", "3:5"]]}, "25": {"0": [["774", "3:5"]]}, "26": {"0": [["774", "3:5"]]}, "27": {"0": [["774", "3:5"]]}, "20": {"0": [["774", "3:4"]]}, "21": {"0": [["774", "3:4"]]}, "22": {"1": [["969", "3:1"]], "0": [["774", "3:4"]]}, "23": {"0": [["774", "3:4"]]}, "28": {"0": [["774", "3:5"]]}, "1": {"0": [["774", "3:1"]]}, "3": {"0": [["774", "3:1"]]}, "2": {"0": [["774", "3:1"]]}, "5": {"0": [["774", "3:2"]]}, "4": {"0": [["774", "3:1"]]}, "7": {"0": [["774", "3:2"]]}, "6": {"0": [["774", "3:2"]]}, "9": {"0": [["774", "3:2"]]}, "8": {"0": [["774", "3:2"]]}, "11": {"0": [["774", "3:2"]]}, "10": {"0": [["774", "3:2"]]}, "13": {"0": [["774", "3:2"]]}, "12": {"0": [["774", "3:2"]]}, "15": {"0": [["774", "3:2"]]}, "14": {"0": [["774", "3:2"]]}, "17": {"0": [["774", "3:3"]]}, "16": {"0": [["774", "3:2"]]}, "19": {"0": [["774", "3:3"]]}, "18": {"0": [["774", "3:3"]]}}, "2": {"54": {"0": [["774", "2:6"]]}, "42": {"0": [["774", "2:5"]]}, "48": {"0": [["774", "2:6"]]}, "43": {"0": [["774", "2:5"]]}, "53": {"0": [["774", "2:6"]]}, "52": {"0": [["774", "2:6"]]}, "24": {"0": [["774", "2:3"]]}, "25": {"0": [["774", "2:3"]]}, "26": {"0": [["774", "2:3"]]}, "27": {"0": [["774", "2:3"]]}, "20": {"0": [["774", "2:2"]]}, "21": {"0": [["774", "2:2"]]}, "22": {"0": [["774", "2:2"]]}, "23": {"0": [["774", "2:3"]]}, "46": {"0": [["774", "2:5"]]}, "47": {"0": [["774", "2:6"]]}, "44": {"0": [["774", "2:5"]]}, "45": {"0": [["774", "2:5"]]}, "28": {"0": [["774", "2:3"]]}, "29": {"0": [["774", "2:3"]]}, "40": {"0": [["774", "2:5"]]}, "41": {"0": [["774", "2:5"]]}, "1": {"0": [["774", "2:1"]]}, "3": {"0": [["774", "2:1"]]}, "2": {"0": [["774", "2:1"]]}, "5": {"0": [["774", "2:1"]]}, "4": {"0": [["774", "2:1"]]}, "7": {"0": [["774", "2:1"]]}, "6": {"0": [["774", "2:1"]]}, "9": {"0": [["774", "2:1"]]}, "8": {"0": [["774", "2:1"]]}, "51": {"0": [["774", "2:6"]]}, "49": {"0": [["774", "2:6"]]}, "39": {"0": [["774", "2:4"]]}, "38": {"0": [["774", "2:4"]]}, "11": {"0": [["774", "2:1"]]}, "10": {"0": [["774", "2:1"]]}, "13": {"0": [["774", "2:2"]]}, "12": {"0": [["774", "2:1"]]}, "15": {"0": [["774", "2:2"]]}, "14": {"0": [["774", "2:2"]]}, "17": {"0": [["774", "2:2"]]}, "16": {"0": [["774", "2:2"]]}, "19": {"0": [["774", "2:2"]]}, "18": {"0": [["774", "2:2"]]}, "31": {"0": [["774", "2:3"]]}, "30": {"0": [["774", "2:3"]]}, "37": {"0": [["774", "2:4"]]}, "36": {"0": [["774", "2:4"]]}, "35": {"0": [["774", "2:4"]]}, "34": {"0": [["774", "2:3"]]}, "33": {"0": [["774", "2:3"]]}, "55": {"0": [["774", "2:6"]]}, "32": {"0": [["774", "2:3"]]}, "50": {"0": [["774", "2:6"]]}}, "5": {"24": {"0": [["774", "5:6"]]}, "25": {"0": [["774", "5:6"]]}, "26": {"0": [["774", "5:6"]]}, "27": {"0": [["774", "5:6"]]}, "20": {"0": [["774", "5:5"]]}, "21": {"0": [["774", "5:5"]]}, "22": {"0": [["774", "5:5"]]}, "23": {"0": [["774", "5:5"]]}, "28": {"0": [["774", "5:6"]]}, "29": {"0": [["774", "5:6"]]}, "1": {"0": [["774", "5:1"]]}, "3": {"0": [["774", "5:1"]]}, "2": {"0": [["774", "5:1"]]}, "5": {"0": [["774", "5:1"]]}, "4": {"0": [["774", "5:1"]]}, "7": {"0": [["774", "5:1"]]}, "6": {"0": [["774", "5:1"]]}, "9": {"0": [["774", "5:2"]]}, "8": {"0": [["774", "5:1"]]}, "11": {"0": [["774", "5:2"]]}, "10": {"0": [["774", "5:2"]]}, "13": {"0": [["774", "5:2"], ["774", "5:4"]]}, "12": {"0": [["774", "5:2"]]}, "15": {"0": [["774", "5:2"]]}, "14": {"0": [["774", "5:2"]]}, "17": {"0": [["774", "5:3"]]}, "16": {"0": [["774", "5:3"]]}, "19": {"0": [["774", "5:5"]]}, "18": {"0": [["774", "5:4"]]}, "30": {"0": [["774", "5:6"]]}}, "4": {"20": {"0": [["774", "4:4"]]}, "21": {"1": [["969", "4:2"]], "0": [["774", "4:4"]]}, "22": {"0": [["774", "4:4"]]}, "1": {"0": [["774", "4:1"]]}, "3": {"1": [["969", "4:1"]], "0": [["774", "4:1"]]}, "2": {"0": [["774", "4:1"]]}, "5": {"0": [["774", "4:2"]]}, "4": {"0": [["774", "4:1"]]}, "7": {"0": [["774", "4:2"]]}, "6": {"0": [["774", "4:2"]]}, "9": {"0": [["774", "4:2"]]}, "8": {"0": [["774", "4:2"]]}, "11": {"0": [["774", "4:3"]]}, "10": {"0": [["774", "4:2"]]}, "13": {"0": [["774", "4:3"]]}, "12": {"0": [["774", "4:3"]]}, "15": {"0": [["774", "4:4"]]}, "14": {"0": [["774", "4:4"]]}, "17": {"0": [["774", "4:4"]]}, "16": {"0": [["774", "4:4"]]}, "19": {"0": [["774", "4:4"]]}, "18": {"0": [["774", "4:4"]]}}, "7": {"24": {"0": [["774", "7:4"]]}, "25": {"0": [["774", "7:4"]]}, "26": {"0": [["774", "7:4"]]}, "27": {"0": [["774", "7:4"]]}, "20": {"0": [["774", "7:3"]]}, "21": {"0": [["774", "7:3"]]}, "22": {"0": [["774", "7:3"]]}, "23": {"0": [["774", "7:4"]]}, "28": {"0": [["774", "7:4"]]}, "29": {"0": [["774", "7:4"]]}, "1": {"0": [["774", "7:1"]]}, "3": {"0": [["774", "7:1"]]}, "2": {"0": [["774", "7:1"]]}, "5": {"0": [["774", "7:1"]]}, "4": {"0": [["774", "7:1"]]}, "7": {"0": [["774", "7:1"]]}, "6": {"0": [["774", "7:1"]]}, "9": {"0": [["774", "7:1"]]}, "8": {"0": [["774", "7:1"]]}, "11": {"0": [["774", "7:1"]]}, "10": {"0": [["774", "7:1"]]}, "13": {"0": [["774", "7:1"]]}, "12": {"0": [["774", "7:1"]]}, "15": {"0": [["774", "7:2"]]}, "14": {"0": [["774", "7:2"]]}, "17": {"0": [["774", "7:3"]]}, "16": {"0": [["774", "7:3"]]}, "19": {"0": [["774", "7:3"]]}, "18": {"0": [["774", "7:3"]]}, "31": {"0": [["774", "7:5"]]}, "30": {"0": [["774", "7:4"]]}, "37": {"0": [["774", "7:5"]]}, "36": {"0": [["774", "7:5"]]}, "35": {"0": [["774", "7:5"]]}, "34": {"0": [["774", "7:5"]]}, "33": {"0": [["774", "7:5"]]}, "32": {"0": [["774", "7:5"]]}}, "6": {"24": {"0": [["774", "6:3"]]}, "25": {"0": [["774", "6:3"]]}, "26": {"0": [["774", "6:4"]]}, "27": {"0": [["774", "6:4"]]}, "20": {"0": [["774", "6:3"]]}, "21": {"0": [["774", "6:3"]]}, "22": {"0": [["774", "6:3"]]}, "23": {"0": [["774", "6:3"]]}, "28": {"0": [["774", "6:4"]]}, "29": {"0": [["774", "6:5"]]}, "1": {"0": [["774", "6:1"]]}, "3": {"0": [["774", "6:1"]]}, "2": {"0": [["774", "6:1"]]}, "5": {"0": [["774", "6:1"]]}, "4": {"0": [["774", "6:1"]]}, "7": {"0": [["774", "6:1"]]}, "6": {"0": [["774", "6:1"]]}, "9": {"0": [["774", "6:2"]]}, "8": {"0": [["774", "6:1"]]}, "11": {"0": [["774", "6:2"]]}, "10": {"0": [["774", "6:2"]]}, "13": {"0": [["774", "6:2"]]}, "12": {"0": [["774", "6:2"]]}, "15": {"0": [["774", "6:3"]]}, "14": {"0": [["774", "6:2"]]}, "17": {"0": [["774", "6:3"]]}, "16": {"0": [["774", "6:3"]]}, "19": {"0": [["774", "6:3"]]}, "18": {"0": [["774", "6:3"]]}, "31": {"0": [["774", "6:5"]]}, "30": {"1": [["1343", "4a"]], "0": [["774", "6:5"]]}, "37": {"0": [["774", "6:5"]]}, "36": {"0": [["774", "6:5"]]}, "35": {"0": [["774", "6:5"]]}, "34": {"0": [["774", "6:5"]]}, "33": {"0": [["774", "6:5"]]}, "32": {"0": [["774", "6:5"]]}}, "9": {"45": {"0": [["774", "9:7"]]}, "54": {"0": [["774", "9:8"]]}, "42": {"0": [["774", "9:6"]]}, "43": {"0": [["774", "9:6"]]}, "53": {"1": [["12", "6"]], "0": [["774", "9:8"]]}, "52": {"0": [["774", "9:8"]]}, "24": {"0": [["774", "9:3"]]}, "25": {"0": [["774", "9:3"]]}, "26": {"0": [["774", "9:3"]]}, "27": {"0": [["774", "9:4"]]}, "20": {"1": [["969", "9:1"]], "0": [["774", "9:3"]]}, "21": {"0": [["774", "9:3"]]}, "22": {"0": [["774", "9:3"]]}, "23": {"0": [["774", "9:3"]]}, "46": {"0": [["774", "9:7"]]}, "47": {"0": [["774", "9:7"]]}, "44": {"0": [["774", "9:7"]]}, "48": {"0": [["774", "9:7"]]}, "28": {"0": [["774", "9:4"]]}, "29": {"0": [["774", "9:4"]]}, "40": {"0": [["774", "9:6"]]}, "41": {"0": [["774", "9:6"]]}, "1": {"0": [["774", "9:1"]]}, "3": {"0": [["774", "9:1"]]}, "2": {"0": [["774", "9:1"]]}, "5": {"0": [["774", "9:1"]]}, "4": {"0": [["774", "9:1"]]}, "7": {"0": [["774", "9:1"]]}, "6": {"0": [["774", "9:1"]]}, "9": {"0": [["774", "9:1"]]}, "8": {"0": [["774", "9:1"]]}, "51": {"0": [["774", "9:8"]]}, "49": {"0": [["774", "9:8"]]}, "56": {"0": [["774", "9:8"]]}, "39": {"0": [["774", "9:6"]]}, "38": {"0": [["774", "9:6"]]}, "59": {"0": [["774", "9:8"]]}, "58": {"0": [["774", "9:8"]]}, "11": {"0": [["774", "9:2"]]}, "10": {"0": [["774", "9:2"]]}, "13": {"0": [["774", "9:2"]]}, "12": {"0": [["774", "9:2"]]}, "15": {"0": [["774", "9:2"]]}, "14": {"0": [["774", "9:2"]]}, "17": {"0": [["774", "9:2"]]}, "16": {"0": [["774", "9:2"]]}, "19": {"0": [["774", "9:3"]]}, "18": {"0": [["774", "9:3"]]}, "31": {"0": [["774", "9:4"]]}, "30": {"0": [["774", "9:4"]]}, "37": {"0": [["774", "9:6"]]}, "36": {"0": [["774", "9:5"]]}, "35": {"0": [["774", "9:5"]]}, "34": {"0": [["774", "9:5"]]}, "33": {"0": [["774", "9:5"], ["774", "9:6"]]}, "55": {"0": [["774", "9:8"]]}, "32": {"0": [["774", "9:5"]]}, "57": {"0": [["774", "9:8"]]}, "50": {"0": [["774", "9:8"]]}}, "8": {"24": {"0": [["774", "8:4"]]}, "25": {"0": [["774", "8:5"]]}, "26": {"0": [["774", "8:5"]]}, "27": {"0": [["774", "8:5"]]}, "20": {"0": [["774", "8:4"]]}, "21": {"0": [["774", "8:4"]]}, "22": {"0": [["774", "8:4"]]}, "23": {"0": [["774", "8:4"]]}, "28": {"0": [["774", "8:6"]]}, "29": {"1": [["969", "8:1"]], "0": [["774", "8:6"]]}, "40": {"0": [["774", "8:7"]]}, "41": {"0": [["774", "8:7"]]}, "1": {"0": [["774", "8:1"]]}, "3": {"0": [["774", "8:1"]]}, "2": {"0": [["774", "8:1"]]}, "5": {"0": [["774", "8:1"]]}, "4": {"0": [["774", "8:1"]]}, "7": {"0": [["774", "8:1"]]}, "6": {"0": [["774", "8:1"]]}, "9": {"0": [["774", "8:1"]]}, "8": {"0": [["774", "8:1"]]}, "39": {"0": [["774", "8:7"]]}, "38": {"0": [["774", "8:7"]]}, "11": {"0": [["774", "8:2"]]}, "10": {"0": [["774", "8:1"]]}, "13": {"0": [["774", "8:3"]]}, "12": {"0": [["774", "8:3"]]}, "15": {"0": [["774", "8:3"]]}, "14": {"0": [["774", "8:3"]]}, "17": {"0": [["774", "8:3"]]}, "16": {"0": [["774", "8:3"]]}, "19": {"0": [["774", "8:4"]]}, "18": {"0": [["774", "8:3"]]}, "31": {"0": [["774", "8:7"]]}, "30": {"0": [["774", "8:7"]]}, "37": {"0": [["774", "8:7"]]}, "36": {"0": [["774", "8:7"]]}, "35": {"0": [["774", "8:7"]]}, "34": {"0": [["774", "8:7"]]}, "33": {"0": [["774", "8:7"]]}, "32": {"0": [["774", "8:7"]]}}}