{"11": {"11": {"1": [["755", "11:11"]], "3": [["755", "11:11"]], "2": [["755", "11:11"]]}, "10": {"1": [["755", "11:10"]], "3": [["755", "11:10"]], "2": [["755", "11:10"]]}, "12": {"1": [["755", "11:12"]], "3": [["755", "11:12"]], "2": [["755", "11:12"]], "5": [["755", "11:12"]], "4": [["755", "11:12"]], "7": [["755", "11:12"]], "6": [["755", "11:12"]], "8": [["755", "11:12"]]}, "1": {"1": [["755", "11:1"]], "3": [["755", "11:1"]], "2": [["755", "11:1"]], "5": [["755", "11:1"]], "4": [["755", "11:1"]], "6": [["755", "11:1"]]}, "3": {"1": [["755", "11:3"]], "3": [["755", "11:3"]], "2": [["755", "11:3"]], "5": [["755", "11:3"]], "4": [["755", "11:3"]], "7": [["755", "11:3"]], "6": [["755", "11:3"]]}, "2": {"1": [["755", "11:2"]]}, "5": {"1": [["755", "11:5"]], "2": [["755", "11:5"]]}, "4": {"1": [["755", "11:4"]], "3": [["755", "11:4"]], "2": [["755", "11:4"]]}, "7": {"1": [["755", "11:7"]], "2": [["755", "11:7"]]}, "6": {"1": [["755", "11:6"]], "3": [["755", "11:6"]], "2": [["755", "11:6"]]}, "9": {"1": [["755", "11:9"]], "3": [["755", "11:9"]], "2": [["755", "11:9"]], "5": [["755", "11:9"]], "4": [["755", "11:9"]], "6": [["755", "11:9"]]}, "8": {"1": [["755", "11:8"]], "2": [["755", "11:8"]]}}, "10": {"1": {"1": [["755", "10:1"]], "3": [["755", "10:1"]], "2": [["755", "10:1"]], "4": [["755", "10:1"]]}, "3": {"1": [["755", "10:3"]], "2": [["755", "10:3"]]}, "2": {"1": [["755", "10:2"]], "3": [["755", "10:2"]], "2": [["755", "10:2"]], "4": [["755", "10:2"]]}, "5": {"1": [["755", "10:5"]], "3": [["755", "10:5"]], "2": [["755", "10:5"]]}, "4": {"1": [["755", "10:4"]]}, "7": {"1": [["755", "10:7"]], "3": [["755", "10:7"]], "2": [["755", "10:7"]]}, "6": {"1": [["755", "10:6"]], "3": [["755", "10:6"]], "2": [["755", "10:6"]]}, "8": {"1": [["755", "10:8"]], "3": [["755", "10:8"]], "2": [["755", "10:8"]], "5": [["755", "10:8"]], "4": [["755", "10:8"]], "6": [["755", "10:8"]]}}, "1": {"1": {"11": [["755", "1:1"]], "10": [["755", "1:1"]], "1": [["755", "1:1"]], "3": [["755", "1:1"]], "2": [["755", "1:1"]], "5": [["755", "1:1"]], "4": [["755", "1:1"]], "7": [["755", "1:1"]], "6": [["755", "1:1"]], "9": [["755", "1:1"]], "8": [["755", "1:1"]]}, "3": {"1": [["755", "1:3"]], "3": [["755", "1:3"]], "2": [["755", "1:3"]], "5": [["755", "1:3"]], "4": [["755", "1:3"]], "6": [["755", "1:3"]]}, "2": {"1": [["755", "1:2"]], "3": [["755", "1:2"]], "2": [["755", "1:2"]], "4": [["755", "1:2"]]}, "4": {"1": [["755", "1:4"]], "3": [["755", "1:4"]], "2": [["755", "1:4"]], "4": [["755", "1:4"]]}}, "3": {"11": {"11": [["755", "3:11"]], "10": [["755", "3:11"]], "12": [["755", "3:11"]], "1": [["755", "3:11"]], "3": [["755", "3:11"]], "2": [["755", "3:11"]], "5": [["755", "3:11"]], "4": [["755", "3:11"]], "7": [["755", "3:11"]], "6": [["755", "3:11"]], "9": [["755", "3:11"]], "8": [["755", "3:11"]]}, "10": {"1": [["755", "3:10"]]}, "1": {"1": [["755", "3:1"]], "3": [["755", "3:1"]], "2": [["755", "3:1"]], "5": [["755", "3:1"]], "4": [["755", "3:1"]], "7": [["755", "3:1"]], "6": [["755", "3:1"]], "8": [["755", "3:1"]]}, "3": {"1": [["755", "3:3"]], "3": [["755", "3:3"]], "2": [["755", "3:3"]]}, "2": {"10": [["755", "3:2"]], "1": [["755", "3:2"]], "3": [["755", "3:2"]], "2": [["755", "3:2"]], "5": [["755", "3:2"]], "4": [["755", "3:2"]], "7": [["755", "3:2"]], "6": [["755", "3:2"]], "9": [["755", "3:2"]], "8": [["755", "3:2"]]}, "5": {"1": [["755", "3:5"]], "3": [["755", "3:5"]], "2": [["755", "3:5"]]}, "4": {"1": [["755", "3:4"]], "3": [["755", "3:4"]], "2": [["755", "3:4"]], "5": [["755", "3:4"]], "4": [["755", "3:4"]]}, "7": {"1": [["755", "3:7"]]}, "6": {"1": [["755", "3:6"]], "2": [["755", "3:6"]]}, "9": {"1": [["755", "3:9"]], "3": [["755", "3:9"]], "2": [["755", "3:9"]]}, "8": {"1": [["755", "3:8"]]}}, "2": {"1": {"1": [["755", "2:1"]], "3": [["755", "2:1"]], "2": [["755", "2:1"]], "5": [["755", "2:1"]], "4": [["755", "2:1"]], "7": [["755", "2:1"]], "6": [["755", "2:1"]], "9": [["755", "2:1"]], "8": [["755", "2:1"]]}, "3": {"1": [["755", "2:3"]], "3": [["755", "2:3"]], "2": [["755", "2:3"]]}, "2": {"10": [["755", "2:2"]], "1": [["755", "2:2"]], "3": [["755", "2:2"]], "2": [["755", "2:2"]], "5": [["755", "2:2"]], "4": [["755", "2:2"]], "7": [["755", "2:2"]], "6": [["755", "2:2"]], "9": [["755", "2:2"]], "8": [["755", "2:2"]]}, "5": {"1": [["755", "2:5"]], "3": [["755", "2:5"]], "2": [["755", "2:5"]], "5": [["755", "2:5"]], "4": [["755", "2:5"]], "7": [["755", "2:5"]], "6": [["755", "2:5"]], "8": [["755", "2:5"]]}, "4": {"1": [["755", "2:4"]], "3": [["755", "2:4"]], "2": [["755", "2:4"]], "5": [["755", "2:4"]], "4": [["755", "2:4"]], "7": [["755", "2:4"]], "6": [["755", "2:4"]], "8": [["755", "2:4"]]}}, "5": {"1": {"1": [["755", "5:1"]], "3": [["755", "5:1"]], "2": [["755", "5:1"]], "4": [["755", "5:1"]]}, "3": {"1": [["755", "5:3"]], "3": [["755", "5:3"]], "2": [["755", "5:3"]], "5": [["755", "5:3"]], "4": [["755", "5:3"]]}, "2": {"1": [["755", "5:2"]], "2": [["755", "5:2"]]}, "5": {"1": [["755", "5:5"]], "3": [["755", "5:5"]], "2": [["755", "5:5"]], "4": [["755", "5:5"]]}, "4": {"1": [["755", "5:4"]], "3": [["755", "5:4"]], "2": [["755", "5:4"]]}, "6": {"1": [["755", "5:6"]], "3": [["755", "5:6"]], "2": [["755", "5:6"]], "5": [["755", "5:6"]], "4": [["755", "5:6"]], "7": [["755", "5:6"]], "6": [["755", "5:6"]]}}, "4": {"1": {"1": [["755", "4:1"]], "3": [["755", "4:1"]], "2": [["755", "4:1"]], "5": [["755", "4:1"]], "4": [["755", "4:1"]], "7": [["755", "4:1"]], "6": [["755", "4:1"]]}, "3": {"1": [["755", "4:3"]], "3": [["755", "4:3"]], "2": [["755", "4:3"]], "5": [["755", "4:3"]], "4": [["755", "4:3"]], "7": [["755", "4:3"]], "6": [["755", "4:3"]]}, "2": {"1": [["755", "4:2"]], "3": [["755", "4:2"]], "2": [["755", "4:2"]], "4": [["755", "4:2"]]}, "5": {"1": [["755", "4:5"]], "3": [["755", "4:5"]], "2": [["755", "4:5"]], "5": [["755", "4:5"]], "4": [["755", "4:5"]], "7": [["755", "4:5"]], "6": [["755", "4:5"]]}, "4": {"1": [["755", "4:4"]], "3": [["755", "4:4"]], "2": [["755", "4:4"]], "5": [["755", "4:4"]], "4": [["755", "4:4"]], "7": [["755", "4:4"]], "6": [["755", "4:4"]], "8": [["755", "4:4"]]}, "7": {"1": [["755", "4:7"]], "3": [["755", "4:7"]], "2": [["755", "4:7"]], "4": [["755", "4:7"]]}, "6": {"1": [["755", "4:6"]], "3": [["755", "4:6"]], "2": [["755", "4:6"]]}, "8": {"1": [["755", "4:8"]], "3": [["755", "4:8"]], "2": [["755", "4:8"]]}}, "7": {"1": {"1": [["755", "7:1"]], "3": [["755", "7:1"]], "2": [["755", "7:1"]], "5": [["755", "7:1"]], "4": [["755", "7:1"]], "7": [["755", "7:1"]], "6": [["755", "7:1"]]}, "3": {"1": [["755", "7:3"]], "2": [["755", "7:3"]]}, "2": {"1": [["755", "7:2"]], "2": [["755", "7:2"]]}, "5": {"1": [["755", "7:5"]], "3": [["755", "7:5"]], "2": [["755", "7:5"]], "4": [["755", "7:5"]]}, "4": {"1": [["755", "7:4"]]}, "7": {"1": [["755", "7:7"]]}, "6": {"1": [["755", "7:6"]], "2": [["755", "7:6"]]}, "9": {"1": [["755", "7:9"]], "3": [["755", "7:9"]], "2": [["755", "7:9"]]}, "8": {"1": [["755", "7:8"]], "2": [["755", "7:8"]]}}, "6": {"10": {"1": [["755", "6:10"]], "2": [["755", "6:10"]]}, "1": {"1": [["755", "6:1"]], "3": [["755", "6:1"]], "2": [["755", "6:1"]], "5": [["755", "6:1"]], "4": [["755", "6:1"]], "6": [["755", "6:1"]]}, "3": {"1": [["755", "6:3"]]}, "2": {"1": [["755", "6:2"]], "3": [["755", "6:2"]], "2": [["755", "6:2"]]}, "5": {"1": [["755", "6:5"]], "3": [["755", "6:5"]], "2": [["755", "6:5"]], "5": [["755", "6:5"]], "4": [["755", "6:5"]]}, "4": {"1": [["755", "6:4"]], "3": [["755", "6:4"]], "2": [["755", "6:4"]], "5": [["755", "6:4"]], "4": [["755", "6:4"]]}, "7": {"1": [["755", "6:7"]], "3": [["755", "6:7"]], "2": [["755", "6:7"]], "4": [["755", "6:7"]]}, "6": {"1": [["755", "6:6"]], "2": [["755", "6:6"]]}, "9": {"1": [["755", "6:9"]], "3": [["755", "6:9"]], "2": [["755", "6:9"]], "5": [["755", "6:9"]], "4": [["755", "6:9"]]}, "8": {"1": [["755", "6:8"]]}}, "9": {"10": {"1": [["755", "9:10"]], "3": [["755", "9:10"]], "2": [["755", "9:10"]], "4": [["755", "9:10"]]}, "1": {"1": [["755", "9:1"]], "3": [["755", "9:1"]], "2": [["755", "9:1"]]}, "3": {"1": [["755", "9:3"]]}, "2": {"1": [["755", "9:2"]], "3": [["755", "9:2"]], "2": [["755", "9:2"]], "4": [["755", "9:2"]]}, "5": {"1": [["755", "9:5"]], "2": [["755", "9:5"]]}, "4": {"1": [["755", "9:4"]], "3": [["755", "9:4"]], "2": [["755", "9:4"]], "5": [["755", "9:4"]], "4": [["755", "9:4"]]}, "7": {"1": [["755", "9:7"]], "3": [["755", "9:7"]], "2": [["755", "9:7"]], "4": [["755", "9:7"]]}, "6": {"1": [["755", "9:6"]], "3": [["755", "9:6"]], "2": [["755", "9:6"]]}, "9": {"1": [["755", "9:9"]], "2": [["755", "9:9"]]}, "8": {"1": [["755", "9:8"]], "3": [["755", "9:8"]], "2": [["755", "9:8"]]}}, "8": {"1": {"1": [["755", "8:1"]], "3": [["755", "8:1"]], "2": [["755", "8:1"]], "5": [["755", "8:1"]], "4": [["755", "8:1"]], "7": [["755", "8:1"]], "6": [["755", "8:1"]], "8": [["755", "8:1"]]}, "3": {"1": [["755", "8:3"]], "3": [["755", "8:3"]], "2": [["755", "8:3"]]}, "2": {"1": [["755", "8:2"]], "3": [["755", "8:2"]], "2": [["755", "8:2"]]}, "5": {"1": [["755", "8:5"]], "3": [["755", "8:5"]], "2": [["755", "8:5"]], "5": [["755", "8:5"]], "4": [["755", "8:5"]], "7": [["755", "8:5"]], "6": [["755", "8:5"]], "9": [["755", "8:5"]], "8": [["755", "8:5"]]}, "4": {"1": [["755", "8:4"]], "3": [["755", "8:4"]], "2": [["755", "8:4"]], "5": [["755", "8:4"]], "4": [["755", "8:4"]], "6": [["755", "8:4"]]}, "7": {"1": [["755", "8:7"]], "3": [["755", "8:7"]], "2": [["755", "8:7"]], "5": [["755", "8:7"]], "4": [["755", "8:7"]]}, "6": {"1": [["755", "8:6"]], "2": [["755", "8:6"]]}}}