{"2": {"9": {"1": [[28, [28], 0], [28, [28], 0], [23, [2], 0], [12, [33], 0], [12, [33], 0], [23, [2], 0]]}, "2": {"2": [[2, [10], 0], [2, [10], 0]]}, "23": {"2": [[5, [11], 0], [5, [11], 0]]}}, "3": {"1": {"2": [[14, [36], 0], [14, [36], 0]]}, "5": {"1": [[5, [28], 0], [5, [28], 0]]}}, "4": {"3": {"1": [[32, [3], 0], [32, [3], 0]]}, "4": {"1": [[10, [9], 0], [10, [9], 0]]}, "8": {"2": [[1, [9], 0], [1, [9], 0]]}, "11": {"2": [[35, [2], 0], [35, [2], 0]]}, "13": {"3": [[1, [1], 0], [1, [1], 0]]}, "18": {"2": [[25, [14], 0], [25, [14], 0]]}}}