{"216": {"2": [["9045", "216:1"], ["9045", "216:2"]]}, "212": {"3": [["1342", "40a"]], "4": [["1342", "40a"]]}, "213": {"2": [["9045", "213:1"]]}, "210": {"3": [["1331", "88a"]], "2": [["9045", "210:1"]], "4": [["1331", "88a"]]}, "132": {"3": [["1349", "17b"]], "2": [["9045", "132:1"], ["9045", "132:2"], ["1349", "17b"]]}, "131": {"2": [["9045", "131:1"], ["9045", "131:2"]]}, "130": {"2": [["9045", "130:1"]]}, "137": {"1": [["9045", "137:1"]]}, "134": {"2": [["9045", "134:1"]]}, "138": {"1": [["9045", "138:1"], ["9045", "138:2"]]}, "93": {"2": [["9045", "93:1"]]}, "24": {"3": [["1335", "18a"]], "2": [["9045", "24:1"]], "4": [["1335", "18a"]]}, "25": {"1": [["1331", "54a"]]}, "26": {"2": [["9045", "26:1"]]}, "27": {"2": [["9045", "27:1"]]}, "22": {"3": [["1339", "156b"]], "2": [["9045", "22:1"]], "4": [["1339", "156b"]]}, "23": {"3": [["28", "31:8"]], "2": [["28", "31:8"]]}, "95": {"1": [["9045", "95:1"], ["1330", "13a"]], "2": [["9045", "95:2"], ["9045", "95:3"]]}, "29": {"3": [["1318", "33b"], ["27", "65:2"]], "2": [["1327", "18b"]], "4": [["1327", "18a"], ["1318", "33b"], ["27", "65:2"]]}, "289": {"1": [["9045", "289:1"]]}, "221": {"1": [["9045", "221:1"], ["9045", "221:2"]], "2": [["9045", "221:3"]]}, "281": {"2": [["9045", "281:1"]]}, "280": {"1": [["9045", "280:1"]]}, "96": {"2": [["9045", "96:1"], ["9045", "96:2"], ["9045", "96:3"], ["9045", "96:4"]]}, "284": {"1": [["9045", "284:1"]]}, "287": {"1": [["9045", "287:1"], ["1338", "44b"], ["1337", "97b"]]}, "286": {"3": [["9045", "286:3"], ["1336", "12b"]], "2": [["9045", "286:1"], ["9045", "286:2"], ["1335", "89a"]], "4": [["1336", "12b"]]}, "263": {"1": [["9045", "263:1"]]}, "121": {"1": [["9045", "121:1"], ["1332", "8b"]]}, "122": {"1": [["9045", "122:1"]], "3": [["26", "2"]], "2": [["26", "2:12"]]}, "123": {"1": [["9045", "123:1"]]}, "124": {"1": [["9045", "124:1"]]}, "265": {"2": [["9045", "265:1"]]}, "264": {"3": [["1331", "86a"], ["1336", "81a"], ["1336", "21a"]], "4": [["1331", "86a"], ["1336", "81a"]]}, "128": {"2": [["1342", "41b"]]}, "129": {"1": [["9045", "129:1"]]}, "269": {"2": [["1349", "32a"]]}, "55": {"2": [["9045", "55:1"]]}, "54": {"2": [["1338", "108a"]]}, "57": {"1": [["9045", "57:1"]]}, "56": {"3": [["1336", "32a"]]}, "51": {"1": [["9045", "51:1"]]}, "50": {"3": [["1339", "149a"]], "2": [["9045", "50:1"], ["1339", "149a"]]}, "63": {"1": [["9045", "63:1"]], "3": [["1338", "57a"]], "2": [["1338", "57a"]]}, "298": {"2": [["9045", "298:1"]]}, "299": {"2": [["9045", "299:1"]]}, "296": {"1": [["9045", "296:1"]], "3": [["9045", "296:2"]], "4": [["9045", "296:3"]]}, "297": {"2": [["9045", "297:1"], ["1325", "38a"]]}, "294": {"3": [["1330", "82b"], ["1330", "35a"], ["1330", "50b"], ["1332", "57a"], ["1332", "60a"], ["1332", "63a"], ["1331", "57b"], ["1331", "2b"], ["7", "11"]], "2": [["9045", "294:1"]]}, "295": {"3": [["1319", "119a"], ["1319", "23b"]], "4": [["1319", "119a"], ["1319", "23b"]]}, "292": {"3": [["739", "3"]], "2": [["739", "3"]]}, "293": {"1": [["9045", "293:1"]]}, "290": {"3": [["1336", "20a"]], "4": [["1336", "20a"]]}, "146": {"3": [["9045", "146:1"], ["9045", "146:2"], ["9045", "146:3"], ["1339", "144a"], ["1338", "70a"]], "2": [["1339", "88a"]], "4": [["1338", "70a"], ["1339", "144a"]]}, "199": {"3": [["1335", "66b"], ["1340", "24a"]], "4": [["1335", "66b"], ["1340", "24a"]]}, "198": {"2": [["9045", "198:1"]]}, "200": {"3": [["1340", "80a"]], "4": [["1340", "80a"]]}, "312": {"3": [["1335", "66a"], ["1319", "29b"]], "2": [["1335", "66a"], ["1319", "29b"]]}, "197": {"3": [["9045", "197:2"], ["9045", "197:3"], ["9045", "197:4"], ["1335", "84a"]], "2": [["9045", "197:1"]], "4": [["1335", "84a"]]}, "196": {"2": [["9045", "196:1"]]}, "190": {"3": [["9045", "190:1"]]}, "315": {"1": [["9045", "315:1"]]}, "177": {"3": [["1338", "66b"]]}, "117": {"2": [["9045", "117:1"]]}, "273": {"2": [["9045", "273:1"]]}, "111": {"3": [["1339", "60a"]], "2": [["1339", "60a"]]}, "110": {"2": [["9045", "110:1"]]}, "113": {"2": [["9045", "113:1"], ["9045", "113:2"]]}, "112": {"2": [["9045", "112:1"]]}, "278": {"3": [["1321", "100b"], ["1321", "101b"]], "2": [["9045", "278:1"], ["1321", "101a"], ["1327", "28a"]], "4": [["1321", "100b"]]}, "279": {"1": [["9045", "279:1"], ["1321", "106b"]]}, "81": {"1": [["9045", "81:1"]]}, "119": {"2": [["9045", "119:1"]]}, "87": {"1": [["9045", "87:1"]]}, "84": {"3": [["1335", "42a"]], "2": [["9045", "84:1"], ["1335", "62b"]], "4": [["1335", "42a"]]}, "85": {"3": [["1330", "66b"]], "4": [["1330", "66b"]]}, "251": {"3": [["9045", "251:1"]]}, "140": {"2": [["9045", "140:1"]]}, "256": {"3": [["9045", "256:1"]]}, "141": {"2": [["9045", "141:1"]]}, "7": {"1": [["9045", "7:1"]]}, "309": {"1": [["9045", "309:1"]]}, "300": {"1": [["9045", "300:1"]], "2": [["9045", "300:2"], ["9045", "300:3"], ["9045", "300:4"]]}, "301": {"2": [["9045", "301:1"]]}, "302": {"2": [["9045", "302:1"], ["9045", "302:2"], ["9045", "302:3"]]}, "304": {"2": [["9045", "304:1"]]}, "245": {"1": [["9045", "245:1"]]}, "108": {"3": [["9045", "108:1"], ["1335", "36a"], ["1332", "27b"]]}, "109": {"3": [["9045", "109:2"], ["9045", "109:3"], ["9045", "109:4"], ["1351", "12a"], ["1333", "11a"], ["1333", "11b"]], "2": [["9045", "109:1"]], "5": [["1333", "3a"]], "4": [["1333", "3b"]]}, "242": {"1": [["9045", "242:1"]]}, "102": {"3": [["1319", "47b"]], "2": [["9045", "102:1"]], "4": [["1319", "47b"]]}, "106": {"1": [["1343", "35a"]]}, "248": {"2": [["9045", "248:1"]]}, "104": {"1": [["9045", "104:1"]], "2": [["1319", "151a"]]}, "105": {"3": [["1318", "26a"]], "2": [["1318", "26a"]]}, "38": {"3": [["1330", "39a"]], "4": [["1330", "39a"]]}, "32": {"2": [["9045", "32:1"]]}, "36": {"3": [["1331", "80a"]], "2": [["9045", "36:1"], ["1331", "80b"]]}, "35": {"2": [["9045", "35:1"]]}, "34": {"1": [["9045", "34:1"]]}, "246": {"2": [["1335", "66a"]]}, "205": {"3": [["1331", "8a"]], "2": [["1331", "8a"]]}, "271": {"3": [["1340", "6b"]], "4": [["1340", "6b"]]}, "86": {"1": [["9045", "86:1"]]}, "176": {"3": [["1332", "33a"]], "4": [["1332", "33a"]]}, "330": {"1": [["9045", "330:1"]], "2": [["9045", "330:2"]]}, "60": {"3": [["1335", "64a"]], "2": [["1335", "64a"]]}, "62": {"2": [["9045", "62:1"]]}, "259": {"1": [["9045", "259:1"], ["1346", "37b"]]}, "97": {"2": [["9045", "97:1"]]}, "179": {"1": [["9045", "179:1"]]}, "67": {"2": [["9045", "67:1"]]}, "68": {"1": [["9045", "68:1"]]}, "253": {"1": [["9045", "253:1"]]}, "174": {"2": [["9045", "174:1"]]}, "173": {"2": [["9045", "173:1"]]}, "257": {"2": [["9045", "257:1"]]}, "145": {"2": [["1331", "101b"]]}, "182": {"2": [["9045", "182:1"]]}, "183": {"3": [["1332", "90a"]], "2": [["1332", "90a"]]}, "2": {"2": [["9045", "2:1"]]}, "186": {"2": [["9045", "186:1"]]}, "187": {"10": [["9045", "187:1"], ["1324", "28a"]], "15": [["1330", "82a"]], "16": [["1330", "82a"]]}, "185": {"2": [["9045", "185:1"]]}, "311": {"1": [["9045", "311:1"]]}, "4": {"3": [["1337", "112a"]], "2": [["9045", "4:1"]]}, "6": {"3": [["1340", "28b"]], "4": [["1340", "28b"]]}, "316": {"3": [["1325", "8b"]]}, "98": {"1": [["9045", "98:1"], ["9045", "98:2"], ["1330", "28b"]]}, "228": {"2": [["9045", "228:1"]]}, "227": {"2": [["9045", "227:1"]]}, "90": {"3": [["1333", "59a"]]}, "166": {"3": [["9045", "166:2"], ["1331", "19b"], ["1342", "46b"]], "2": [["9045", "166:1"]], "4": [["1331", "19b"]]}, "92": {"1": [["9045", "92:1"], ["1339", "129b"]], "3": [["1331", "69b"]], "2": [["9045", "92:2"], ["1331", "69b"]]}, "160": {"3": [["9045", "160:1"]]}, "161": {"1": [["9045", "161:1"], ["1332", "60a"]]}, "162": {"3": [["9045", "162:2"]], "2": [["9045", "162:1"]]}, "220": {"2": [["9045", "220:1"]]}, "15": {"1": [["9045", "15:1"]]}, "17": {"1": [["1337", "60a"]]}, "16": {"3": [["1337", "112b"]], "2": [["9045", "16:1"]], "4": [["1337", "112b"]]}, "19": {"3": [["1331", "110a"]], "2": [["9045", "19:1"]], "4": [["1331", "110a"]]}, "88": {"1": [["9045", "88:1"]]}, "274": {"3": [["1332", "4a"]], "4": [["1332", "4a"]]}, "275": {"2": [["9045", "275:1"]]}, "151": {"3": [["9045", "151:2"], ["9045", "151:3"], ["9045", "151:4"], ["1330", "89b"]], "2": [["9045", "151:1"]], "4": [["1330", "89b"]]}, "150": {"3": [["9045", "150:2"]], "2": [["9045", "150:1"], ["1349", "29a"]]}, "153": {"2": [["9045", "153:1"]]}, "152": {"11": [["9045", "152:15"], ["9045", "152:16"], ["9045", "152:17"], ["9045", "152:18"], ["9045", "152:19"], ["1337", "116a"], ["1338", "39a"]], "10": [["9045", "152:12"], ["9045", "152:13"], ["9045", "152:14"]], "12": [["9045", "152:20"]], "20": [["9045", "152:26"], ["9045", "152:27"], ["1331", "86a"], ["1339", "157a"]], "21": [["9045", "152:28"], ["9045", "152:29"], ["1337", "43a"], ["1331", "84a"]], "17": [["9045", "152:21"], ["9045", "152:22"], ["9045", "152:23"]], "16": [["1331", "54a"]], "19": [["9045", "152:25"]], "18": [["9045", "152:24"], ["1339", "52a"]], "22": [["1337", "43a"], ["1331", "84a"]], "15": [["1331", "84b"], ["1331", "84a"]], "3": [["9045", "152:1"], ["9045", "152:2"], ["9045", "152:3"], ["9045", "152:4"], ["9045", "152:5"]], "4": [["9045", "152:6"]], "7": [["9045", "152:7"], ["9045", "152:8"]], "9": [["9045", "152:11"]], "8": [["9045", "152:10"], ["9045", "152:9"], ["1336", "6a"]]}, "276": {"1": [["9045", "276:1"]], "3": [["1339", "49b"]], "2": [["1339", "49b"]]}, "157": {"3": [["1343", "72a"]], "4": [["1343", "72a"]]}, "159": {"3": [["1337", "7a"]], "2": [["9045", "159:1"], ["9045", "159:2"], ["9045", "159:3"], ["9045", "159:4"], ["9045", "159:5"], ["9045", "159:6"], ["1337", "7a"]]}, "277": {"1": [["9045", "277:1"]], "2": [["1319", "153a"]]}, "82": {"1": [["9045", "82:1"]], "3": [["1322", "28a"]], "2": [["1322", "28a"]]}, "239": {"3": [["9045", "239:2"]], "2": [["9045", "239:1"]]}, "234": {"3": [["9045", "234:3"], ["9045", "234:4"]], "2": [["9045", "234:1"], ["9045", "234:2"]], "5": [["9045", "234:5"], ["9045", "234:6"]]}, "235": {"3": [["1339", "52a"]]}, "236": {"2": [["9045", "236:1"]]}, "237": {"3": [["9045", "237:1"]]}, "230": {"1": [["1319", "111a"]], "3": [["1319", "111a"]], "2": [["1319", "111a"]]}, "232": {"1": [["9045", "232:1"]], "2": [["1338", "68a"]]}, "49": {"3": [["1335", "64a"]], "2": [["9045", "49:1"]], "4": [["1335", "64a"]]}, "47": {"2": [["9045", "47:1"]]}, "45": {"2": [["1339", "72b"]]}, "43": {"3": [["1337", "3a"]], "4": [["1337", "3a"]]}, "40": {"2": [["9045", "40:1"]]}, "41": {"3": [["1331", "97b"]], "2": [["9045", "41:1"], ["1331", "97b"]]}, "1": {"3": [["1342", "45a"]], "2": [["1342", "45a"]]}, "326": {"2": [["9045", "326:1"]]}, "324": {"1": [["9045", "324:1"]]}, "9": {"3": [["9045", "9:1"]]}, "328": {"2": [["9045", "328:1"]]}, "329": {"1": [["1330", "8a"]], "2": [["1330", "8a"]]}, "201": {"1": [["9045", "201:1"], ["1335", "70b"]]}, "147": {"1": [["9045", "147:1"], ["1349", "22a"]], "3": [["1337", "39a"], ["1337", "112a"]], "2": [["9045", "147:2"], ["9045", "147:3"], ["9045", "147:4"], ["1337", "39a"], ["1337", "112a"]]}, "144": {"3": [["9045", "144:2"]], "2": [["9045", "144:1"]]}, "202": {"1": [["9045", "202:1"]], "2": [["1332", "35b"], ["1332", "48b"]], "5": [["735", "5"], ["1319", "157a"], ["1324", "34b"]], "4": [["1321", "45b"]], "7": [["9045", "202:3"]], "6": [["9045", "202:2"]]}, "142": {"3": [["9045", "142:2"], ["1339", "8b"], ["1331", "109a"], ["1331", "97a"]], "2": [["9045", "142:1"]], "4": [["1339", "8a"], ["1331", "109a"], ["1331", "97a"]]}, "143": {"2": [["9045", "143:1"]]}, "207": {"1": [["9045", "207:1"], ["1340", "76b"]], "2": [["1340", "76a"]]}, "206": {"1": [["1321", "7b"]], "2": [["9045", "206:1"], ["9045", "206:2"]]}, "209": {"1": [["9045", "209:1"]]}, "208": {"2": [["9045", "208:1"]]}, "149": {"1": [["9045", "149:1"]], "2": [["9045", "149:2"], ["1343", "29b"]]}, "77": {"1": [["9045", "77:1"]]}, "76": {"1": [["9045", "76:1"]]}, "75": {"1": [["9045", "75:1"], ["1319", "156b"], ["1319", "74b"], ["1319", "155a"]], "3": [["1319", "74a"], ["1319", "140a"]], "2": [["1319", "74b"], ["1319", "155a"], ["1319", "74a"], ["1319", "140a"]]}, "74": {"1": [["9045", "74:1"]], "3": [["1331", "66a"]], "2": [["1331", "66a"]]}, "73": {"1": [["9045", "73:1"], ["1324", "42a"]]}, "72": {"1": [["9045", "72:1"]]}, "78": {"1": [["9045", "78:1"]]}, "262": {"2": [["9045", "262:1"]]}, "261": {"2": [["9045", "261:1"]]}, "267": {"1": [["9045", "267:1"]]}}