{"42": [["1329", "13a"]], "43": [["27", "81:5"]], "91": [["1327", "3a"], ["35", "10:7"]], "88": [["6", "1:2"], ["5", "1:37"], ["5", "1:32"]], "64": [["1335", "67a"]], "66": [["27", "19:8"]], "95": [["1", "15:1"]], "52": [["27", "91:14"]], "93": [["12", "57:19"], ["2", "7:1"]], "87": [["2", "6:1"], ["1340", "111a"]], "25": [["1318", "5a:3"], ["5", "22:6"]], "81": [["5", "34:11"]], "20": [["5", "4:6"]], "21": [["13", "46:20"], ["35", "2:38"]], "23": [["30", "6:9"]], "47": [["5", "4:5"]], "28": [["3654", "19:7"], ["2", "18:4"]], "29": [["27", "136:13"], ["1", "15:17"]], "40": [["29", "14:5"]], "3": [["2", "12:43"]], "4": [["2", "12:14"], ["3", "10:13"], ["2", "18:16"]], "6": [["33", "7:23"]], "8": [["3654", "3"]], "51": [["2", "18:11"], ["2", "9:16"], ["2", "6:3"], ["5", "34:11"]], "98": [["768", "1:2"]], "108": [["3", "16:21"]], "72": [["33", "1:16"]], "71": [["1329", "14a"]], "70": [["4", "12:7"]], "102": [["35", "8:12"], ["12", "24:21"], ["6", "1:8"], ["28", "23:23"]], "103": [["3", "11:4"], ["35", "2:49"], ["12", "47:6"], ["1318", "43a"]], "100": [["1343", "5a"], ["27", "82:6"]], "106": [["5", "4:5"]], "97": [["34", "9:27"], ["1327", "7a"]], "78": [["1330", "57a"], ["4", "20:7"]], "10": [["3654", "19:2"]], "13": [["4", "19:5"]], "12": [["1318", "43a"]], "15": [["5", "22:11"]], "14": [["3", "18:5"]], "18": [["1", "26:5"]], "31": [["27", "33:9"]], "37": [["3654", "19:6"]], "36": [["5", "34:10"]], "35": [["12", "42:16"]], "34": [["3654", "19:6"], ["27", "75:3"], ["25", "14:6"]], "57": [["27", "19:8"], ["5", "4:5"], ["5", "32:47"]]}