["(Devarim 24:19) \"if you forget <i>a sheaf</i> in the field\": and not a heap of sheaves. I might think (that <i>shikchah</i> obtains) even if he forgot more than two sheaves; it is, therefore, written \"to the stranger, (one), to the orphan and to the widow shall it be,\" (orphan and widow being regarded as one unit). From here they ruled: Two sheaves are <i>shikchah</i>; three are not <i>shikchah</i>. Two piles of olives and carobs are <i>shikchah</i>; three are not <i>shikchah</i>. Two berries (fallen at a time) are <i>peret</i> (viz. Vayikra 19:10); three are not <i>peret</i>.  ", "\"in the field\": to exclude (from <i>shikchah</i>) what is hidden (in the ground). These are the words of R. Yehudah. The sages say: \"in the field\": to include (as <i>shikchah</i>) what is hidden. \"in the field\": to include standing grain. For (if it were not written \"in the field\") it would follow (that standing grain was <i>not shikchah</i>), viz.: If a sheaf, where the \"power\" of the poor man is wanting (i.e., he does not receive a sheaf), he does receive <i>shikchah</i> (i.e., if it is forgotten, it belongs to the poor man), then standing grain, where the \"power\" of the poor man is strong, (i.e., he does receive <i>leket</i> and <i>peah</i> from it), how much more so should he receive <i>shikchah</i> from it! \u2014 (No,) this (i.e., that it is subject to <i>shikchah</i>) may be so with a (remembered) sheaf, which does not \"save\" (from <i>shikchah</i>) a (forgotten) sheaf (lying near it) or (forgotten) standing grain. But would you say the same (that it is subject to <i>shikchah</i>) for (remembered) standing grain, which <i>does</i> \"save\" (from <i>shikchah</i>) a (forgotten) sheaf and forgotten standing grain (that are near it)? (It must, therefore, be written \"in the field\" to include standing grain as subject to <i>shikchah</i>.)  ", "\"do not return to take it\": to exclude (from <i>shikchah</i>) the heads of rows. From here they ruled: The heads of rows \u2014 the sheaf adjoining it indicates their status (vis-\u00e0-vis <i>shikchah</i>). And if he forgot a sheaf that he had taken hold of to take to the city, they agree that this is not <i>shikchah</i>. If a sheaf were forgotten by the owner, but not by the workers, or vice versa; or if the poor stood before it or covered it with straw, it is not <i>shikchah</i>.  ", "\"do not return to take it\": all as one. And what capacity must it have (to render it subject to <i>shikchah</i>)? The sages estimated: less than two <i>sa'ah</i>. From here they ruled: If they forgot a sheaf of two <i>sa'ah</i>, this is not <i>shikchah</i>. (If they forgot), two sheaves containing two <i>sa'ah</i> between them, R. Gamliel said: They are the owner's; the sages say they belong to the poor. R. Gamliel asked them: If there are more sheaves, is the power of the owner increased or decreased? They: It is increased. R. Gamliel: If they forgot one sheaf containing two <i>sa'ah</i>, it is not <i>shikchah</i>, how much more so, if they forgot <i>two</i> sheaves containing two <i>sa'ah</i>! They: No, this is so for one <i>sa'ah</i>, which is like a pile. Would you say the same for two, which are like bunches!  ", "\"do not return to take it\": From here R. Yishmael ruled: An ear of the harvest whose head reaches up to the standing grain \u2014 If it were harvested together with the standing grain, it belongs to the owner, (the fact of its being thus harvested indicating it not to have been forgotten), and if not, it belongs to the poor (as <i>shikchah</i>). And if it is in doubt (<i>safek</i> [as to whether it was harvested together with the standing grain]), it belongs to the owner. For the burden of the proof is upon him who would remove it from the owner's domain. And whence is it derived that a <i>safek</i> of <i>leket</i> is <i>leket</i>, a <i>safek</i> of <i>shikchah</i> is <i>shikchah</i>, a <i>safek</i> of <i>peah</i> is <i>peah</i>? From \"to the stranger, to the orphan, and to the widow <i>shall it be</i>.\"  ", "R. Elazar b. Azaryah said: Whence is it derived that if one dropped a <i>sela</i> from his hand and a poor man found it and fed himself with it, it is accounted by Scripture as if he had given it to him? From \"to the stranger, to the orphan, and to the widow shall it be, so that the L-rd your G-d will bless you.\" Now does this not follow <i>a fortiori</i>, viz.: If one did not give, but gave (through <i>shikchah</i>), Scripture accounts it to him as if he had (intentionally) given, (to wit: \"so that the L-rd your G-d will bless you\"), then one who <i>intends</i> to give and does give, how great must be his reward!"]