{"11": {"1": {"1": [["754", "11:1"]], "3": [["754", "11:1"]], "2": [["754", "11:1"]], "5": [["754", "11:1"]], "4": [["754", "11:1"]]}, "3": {"1": [["754", "11:3"]], "3": [["754", "11:3"]], "2": [["754", "11:3"]], "5": [["754", "11:3"]], "4": [["754", "11:3"]]}, "2": {"1": [["754", "11:2"]], "2": [["754", "11:2"]]}, "5": {"1": [["754", "11:5"], ["27", "50"]], "3": [["754", "11:5"]], "2": [["754", "11:5"]], "5": [["754", "11:5"]], "4": [["754", "11:5"]], "7": [["754", "11:5"]], "6": [["754", "11:5"]], "8": [["754", "11:5"]]}, "4": {"1": [["754", "11:4"]], "3": [["754", "11:4"]], "2": [["754", "11:4"]], "5": [["754", "11:4"]], "4": [["754", "11:4"]], "7": [["754", "11:4"]], "6": [["754", "11:4"]], "8": [["754", "11:4"]]}, "6": {"1": [["754", "11:6"]], "3": [["754", "11:6"]], "2": [["754", "11:6"]], "5": [["754", "11:6"]], "4": [["754", "11:6"]], "7": [["754", "11:6"]], "6": [["754", "11:6"]]}}, "10": {"1": {"1": [["754", "10:1"]]}, "3": {"1": [["754", "10:3"]], "2": [["754", "10:3"]]}, "2": {"1": [["754", "10:2"]], "2": [["754", "10:2"]]}, "5": {"1": [["754", "10:5"]], "3": [["754", "10:5"]], "2": [["754", "10:5"]], "5": [["754", "10:5"]], "4": [["754", "10:5"]], "7": [["754", "10:5"]], "6": [["754", "10:5"]]}, "4": {"1": [["754", "10:4"]], "3": [["754", "10:4"]], "2": [["754", "10:4"]], "5": [["754", "10:4"]], "4": [["754", "10:4"]], "6": [["754", "10:4"]]}, "6": {"1": [["754", "10:6"]], "2": [["754", "10:6"]]}}, "13": {"11": {"1": [["754", "13:11"]], "3": [["754", "13:11"]], "2": [["754", "13:11"]], "5": [["754", "13:11"]], "4": [["754", "13:11"]], "7": [["754", "13:11"]], "6": [["754", "13:11"]], "8": [["754", "13:11"]]}, "10": {"1": [["754", "13:10"]], "3": [["754", "13:10"]], "2": [["754", "13:10"]]}, "1": {"1": [["754", "13:1"]], "2": [["754", "13:1"]]}, "3": {"1": [["754", "13:3"]], "3": [["754", "13:3"]], "2": [["754", "13:3"]], "4": [["754", "13:3"]]}, "2": {"1": [["754", "13:2"]], "2": [["754", "13:2"]]}, "5": {"1": [["754", "13:5"]], "2": [["754", "13:5"]]}, "4": {"1": [["754", "13:4"]], "2": [["754", "13:4"]]}, "7": {"1": [["754", "13:7"]], "2": [["754", "13:7"]]}, "6": {"1": [["754", "13:6"]], "2": [["754", "13:6"]]}, "9": {"1": [["754", "13:9"]]}, "8": {"1": [["754", "13:8"]], "2": [["754", "13:8"]]}}, "12": {"1": {"1": [["754", "12:1"]], "3": [["754", "12:1"]], "2": [["754", "12:1"]]}, "3": {"1": [["754", "12:3"]], "3": [["754", "12:3"]], "2": [["754", "12:3"]]}, "2": {"1": [["754", "12:2"]], "3": [["754", "12:2"]], "2": [["754", "12:2"]], "5": [["754", "12:2"]], "4": [["754", "12:2"]], "6": [["754", "12:2"]]}, "4": {"1": [["754", "12:4"]], "3": [["754", "12:4"]], "2": [["754", "12:4"]], "5": [["754", "12:4"]], "4": [["754", "12:4"]]}}, "1": {"10": {"1": [["754", "1:10"], ["1", "16"]], "2": [["754", "1:10"], ["4", "24"], ["1", "26"]]}, "1": {"1": [["754", "1:1"]], "3": [["754", "1:1"]], "2": [["754", "1:1"]], "4": [["754", "1:1"]]}, "3": {"1": [["754", "1:3"]]}, "2": {"1": [["754", "1:2"]], "3": [["754", "1:2"]], "2": [["754", "1:2"]], "5": [["754", "1:2"]], "4": [["754", "1:2"]]}, "5": {"1": [["754", "1:5"]], "3": [["754", "1:5"]], "2": [["754", "1:5"]], "4": [["754", "1:5"]]}, "4": {"1": [["754", "1:4"]], "3": [["754", "1:4"]], "2": [["754", "1:4"]], "4": [["754", "1:4"]]}, "7": {"1": [["754", "1:7"]]}, "6": {"1": [["754", "1:6"]], "3": [["754", "1:6"]], "2": [["754", "1:6"]], "5": [["754", "1:6"]], "4": [["754", "1:6"]], "6": [["754", "1:6"]]}, "9": {"1": [["754", "1:9"]], "2": [["754", "1:9"]]}, "8": {"1": [["754", "1:8"]], "3": [["754", "1:8"]], "2": [["754", "1:8"], ["4", "13"]], "4": [["754", "1:8"]]}}, "3": {"1": {"1": [["754", "3:1"]], "3": [["754", "3:1"]], "2": [["754", "3:1"], ["5", "22"]], "5": [["754", "3:1"]], "4": [["754", "3:1"]], "7": [["754", "3:1"]], "6": [["754", "3:1"]], "9": [["754", "3:1"]], "8": [["754", "3:1"], ["5", "25"]]}, "3": {"1": [["754", "3:3"]], "3": [["754", "3:3"]], "2": [["754", "3:3"]], "5": [["754", "3:3"]], "4": [["754", "3:3"]], "6": [["754", "3:3"]]}, "2": {"1": [["754", "3:2"]], "3": [["754", "3:2"]], "2": [["754", "3:2"]], "5": [["754", "3:2"]], "4": [["754", "3:2"]], "6": [["754", "3:2"], ["3", "24"]]}, "5": {"1": [["754", "3:5"]], "2": [["754", "3:5"]]}, "4": {"1": [["754", "3:4"]], "3": [["754", "3:4"]], "2": [["754", "3:4"]], "5": [["754", "3:4"]], "4": [["754", "3:4"], ["5", "22"]], "6": [["754", "3:4"]]}, "7": {"1": [["754", "3:7"]], "3": [["754", "3:7"]], "2": [["754", "3:7"]]}, "6": {"1": [["754", "3:6"], ["5", "22"]]}, "9": {"1": [["754", "3:9"]], "3": [["754", "3:9"]], "2": [["754", "3:9"]], "5": [["754", "3:9"]], "4": [["754", "3:9"]]}, "8": {"1": [["754", "3:8"]], "3": [["754", "3:8"]], "2": [["754", "3:8"], ["5", "22"]], "5": [["754", "3:8"]], "4": [["754", "3:8"]]}}, "2": {"10": {"1": [["754", "2:10"]], "3": [["754", "2:10"]], "2": [["754", "2:10"]], "5": [["754", "2:10"]], "4": [["754", "2:10"]], "7": [["754", "2:10"]], "6": [["754", "2:10"]], "8": [["754", "2:10"]]}, "1": {"1": [["754", "2:1"]], "3": [["754", "2:1"]], "2": [["754", "2:1"]], "4": [["754", "2:1"]]}, "3": {"1": [["754", "2:3"]], "3": [["754", "2:3"]], "2": [["754", "2:3"]], "5": [["754", "2:3"], ["3", "5"]], "4": [["754", "2:3"]]}, "2": {"1": [["754", "2:2"]], "2": [["754", "2:2"]]}, "5": {"1": [["754", "2:5"]], "3": [["754", "2:5"]], "2": [["754", "2:5"]], "4": [["754", "2:5"]]}, "4": {"1": [["754", "2:4"]]}, "7": {"1": [["754", "2:7"]], "3": [["754", "2:7"]], "2": [["754", "2:7"]]}, "6": {"1": [["754", "2:6"]], "2": [["754", "2:6"]]}, "9": {"1": [["754", "2:9"]], "3": [["754", "2:9"]], "2": [["754", "2:9"]], "5": [["754", "2:9"]], "4": [["754", "2:9"]], "7": [["754", "2:9"]], "6": [["754", "2:9"]], "8": [["754", "2:9"]]}, "8": {"1": [["754", "2:8"]], "3": [["754", "2:8"]], "2": [["754", "2:8"]]}}, "5": {"1": {"1": [["754", "5:1"]], "3": [["754", "5:1"]], "2": [["754", "5:1"]], "5": [["754", "5:1"]], "4": [["754", "5:1"]], "7": [["754", "5:1"]], "6": [["754", "5:1"]]}, "3": {"1": [["754", "5:3"]], "3": [["754", "5:3"], ["4", "30"]], "2": [["754", "5:3"]]}, "2": {"1": [["754", "5:2"]], "3": [["754", "5:2"]], "2": [["754", "5:2"], ["1", "41"], ["4", "11"]], "5": [["754", "5:2"]], "4": [["754", "5:2"]], "6": [["754", "5:2"]]}, "5": {"1": [["754", "5:5"]], "3": [["754", "5:5"]], "2": [["754", "5:5"]], "5": [["754", "5:5"]], "4": [["754", "5:5"]], "7": [["754", "5:5"]], "6": [["754", "5:5"]], "9": [["754", "5:5"]], "8": [["754", "5:5"]]}, "4": {"1": [["754", "5:4"]], "3": [["754", "5:4"]], "2": [["754", "5:4"]], "4": [["754", "5:4"]]}, "7": {"1": [["754", "5:7"]], "3": [["754", "5:7"]], "2": [["754", "5:7"]], "5": [["754", "5:7"]], "4": [["754", "5:7"]], "6": [["754", "5:7"]]}, "6": {"1": [["754", "5:6"]], "3": [["754", "5:6"]], "2": [["754", "5:6"]], "5": [["754", "5:6"]], "4": [["754", "5:6"]]}, "9": {"1": [["754", "5:9"]], "3": [["754", "5:9"]], "2": [["754", "5:9"]], "5": [["754", "5:9"]], "4": [["754", "5:9"]], "7": [["754", "5:9"]], "6": [["754", "5:9"]]}, "8": {"1": [["754", "5:8"]], "3": [["754", "5:8"]], "2": [["754", "5:8"]], "5": [["754", "5:8"]], "4": [["754", "5:8"]], "7": [["754", "5:8"]], "6": [["754", "5:8"]]}}, "4": {"11": {"1": [["754", "4:11"], ["1", "3"], ["5", "14"]], "3": [["754", "4:11"]], "2": [["754", "4:11"]], "4": [["754", "4:11"]]}, "10": {"1": [["754", "4:10"], ["13", "29"]]}, "12": {"1": [["754", "4:12"], ["1", "37"]], "3": [["754", "4:12"]], "2": [["754", "4:12"]]}, "1": {"1": [["754", "4:1"]], "3": [["754", "4:1"]], "2": [["754", "4:1"], ["5", "22"]], "5": [["754", "4:1"]], "4": [["754", "4:1"]], "6": [["754", "4:1"]]}, "3": {"1": [["754", "4:3"]], "3": [["754", "4:3"]], "2": [["754", "4:3"]]}, "2": {"1": [["754", "4:2"]], "3": [["754", "4:2"]], "2": [["754", "4:2"]]}, "5": {"1": [["754", "4:5"]], "3": [["754", "4:5"]], "2": [["754", "4:5"]], "4": [["754", "4:5"]]}, "4": {"11": [["754", "4:4"]], "10": [["754", "4:4"]], "13": [["754", "4:4"]], "12": [["754", "4:4"], ["5", "8"]], "14": [["754", "4:4"]], "1": [["754", "4:4"]], "3": [["754", "4:4"]], "2": [["754", "4:4"]], "5": [["754", "4:4"]], "4": [["754", "4:4"]], "7": [["754", "4:4"], ["4", "30"]], "6": [["754", "4:4"]], "9": [["754", "4:4"]], "8": [["754", "4:4"]]}, "7": {"1": [["754", "4:7"]]}, "6": {"1": [["754", "4:6"]], "2": [["754", "4:6"], ["12", "5"]]}, "9": {"1": [["754", "4:9"]]}, "8": {"1": [["754", "4:8"]]}}, "7": {"10": {"1": [["754", "7:10"]], "3": [["754", "7:10"]], "2": [["754", "7:10"]]}, "1": {"1": [["754", "7:1"]], "3": [["754", "7:1"]], "2": [["754", "7:1"]], "5": [["754", "7:1"]], "4": [["754", "7:1"]], "6": [["754", "7:1"]]}, "3": {"1": [["754", "7:3"]]}, "2": {"1": [["754", "7:2"]]}, "5": {"1": [["754", "7:5"]], "2": [["754", "7:5"]]}, "4": {"1": [["754", "7:4"]], "2": [["754", "7:4"]]}, "7": {"1": [["754", "7:7"]], "3": [["754", "7:7"]], "2": [["754", "7:7"]], "5": [["754", "7:7"]], "4": [["754", "7:7"]], "7": [["754", "7:7"], ["3", "13"]], "6": [["754", "7:7"]]}, "6": {"1": [["754", "7:6"]], "3": [["754", "7:6"]], "2": [["754", "7:6"]], "5": [["754", "7:6"], ["4", "5"]], "4": [["754", "7:6"], ["33", "5"]]}, "9": {"1": [["754", "7:9"]], "3": [["754", "7:9"]], "2": [["754", "7:9"]]}, "8": {"1": [["754", "7:8"]], "3": [["754", "7:8"]], "2": [["754", "7:8"]], "4": [["754", "7:8"]]}}, "6": {"1": {"1": [["754", "6:1"]], "3": [["754", "6:1"]], "2": [["754", "6:1"]], "4": [["754", "6:1"]]}, "3": {"1": [["754", "6:3"]], "3": [["754", "6:3"]], "2": [["754", "6:3"]], "4": [["754", "6:3"]]}, "2": {"1": [["754", "6:2"]]}, "5": {"1": [["754", "6:5"], ["13", "29"]], "3": [["754", "6:5"]], "2": [["754", "6:5"]]}, "4": {"1": [["754", "6:4"]], "3": [["754", "6:4"]], "2": [["754", "6:4"]]}, "7": {"1": [["754", "6:7"]], "3": [["754", "6:7"]], "2": [["754", "6:7"]], "5": [["754", "6:7"]], "4": [["754", "6:7"]]}, "6": {"1": [["754", "6:6"]], "3": [["754", "6:6"]], "2": [["754", "6:6"]], "5": [["754", "6:6"]], "4": [["754", "6:6"]], "6": [["754", "6:6"]]}}, "9": {"1": {"1": [["754", "9:1"]], "3": [["754", "9:1"]], "2": [["754", "9:1"]], "5": [["754", "9:1"]], "4": [["754", "9:1"]], "7": [["754", "9:1"]], "6": [["754", "9:1"]], "8": [["754", "9:1"]]}, "3": {"1": [["754", "9:3"]], "3": [["754", "9:3"]], "2": [["754", "9:3"]]}, "2": {"1": [["754", "9:2"]], "3": [["754", "9:2"]], "2": [["754", "9:2"]]}, "5": {"1": [["754", "9:5"]], "3": [["754", "9:5"]], "2": [["754", "9:5"]], "5": [["754", "9:5"]], "4": [["754", "9:5"]], "6": [["754", "9:5"]]}, "4": {"1": [["754", "9:4"]], "2": [["754", "9:4"]]}, "7": {"1": [["754", "9:7"]], "3": [["754", "9:7"]], "2": [["754", "9:7"]], "5": [["754", "9:7"]], "4": [["754", "9:7"]], "6": [["754", "9:7"]]}, "6": {"1": [["754", "9:6"]], "2": [["754", "9:6"]]}, "9": {"1": [["754", "9:9"]], "3": [["754", "9:9"]], "2": [["754", "9:9"]], "5": [["754", "9:9"]], "4": [["754", "9:9"]], "6": [["754", "9:9"]]}, "8": {"1": [["754", "9:8"]], "2": [["754", "9:8"]]}}, "8": {"1": {"1": [["754", "8:1"]], "3": [["754", "8:1"]], "2": [["754", "8:1"]], "5": [["754", "8:1"]], "4": [["754", "8:1"]]}, "3": {"1": [["754", "8:3"]]}, "2": {"1": [["754", "8:2"]], "2": [["754", "8:2"]]}, "5": {"1": [["754", "8:5"]], "3": [["754", "8:5"]], "2": [["754", "8:5"]], "4": [["754", "8:5"]]}, "4": {"1": [["754", "8:4"]]}, "7": {"1": [["754", "8:7"]], "2": [["754", "8:7"]]}, "6": {"1": [["754", "8:6"]], "3": [["754", "8:6"]], "2": [["754", "8:6"]]}, "8": {"1": [["754", "8:8"]], "3": [["754", "8:8"]], "2": [["754", "8:8"]], "4": [["754", "8:8"]]}}}