{"8": {"34": {"2": [[4, [35], 0], [4, [35], 0]]}, "3": {"2": [[534, [118], 0], [534, [118], 0]]}, "39": {"1": [[553, [176], 0], [553, [176], 0]]}, "41": {"1": [[3, [4], 0], [3, [4], 0]]}, "57": {"2": [[4, [15], 0], [4, [15], 0]]}, "29": {"1": [[553, [180], 0], [553, [180], 0]]}}, "16": {"11": {"1": [[3, [18], 0], [3, [18], 0]]}, "13": {"1": [[3, [4], 0], [3, [4], 0]]}}, "20": {"79": {"2": [[552, [28], 0], [531, [14], 0], [552, [28], 0], [531, [14], 0]]}}, "22": {"24": {"3": [[536, [166], 0], [536, [166], 0]]}, "90": {"1": [[5, [17], 0], [5, [17], 0]]}, "12": {"1": [[28, [23], 0], [28, [23], 0]]}, "21": {"1": [[2, [30], 0], [2, [30], 0]]}}, "24": {"65": {"1": [[4, [5], 0], [4, [5], 0]]}, "58": {"2": [[534, [84], 0], [534, [84], 0]]}}}