{"1": {"1": {"3": [["1", "46"], ["4", "24"], ["14", "11"]], "2": [["2", "1"], ["3", "19"]], "5": [["1", "49"], ["28", "8"], ["1318", "47a"]]}}, "3": {"1": {"3": [["2", "15"], ["14", "11"], ["27", "134"]], "4": [["28", "19"]]}}, "5": {"24": {"1": [["15", "5"], ["12", "31"], ["27", "69"]], "2": [["32", "3"], ["19", "2"]]}, "26": {"1": [["27", "92"], ["27", "103"], ["3653", "30"]]}, "27": {"1": [["5", "34"]]}, "20": {"1": [["2", "19"], ["27", "119"], ["17", "3"]], "2": [["27", "89"], ["29", "23"]]}, "21": {"1": [["3", "26"]]}, "23": {"1": [["1", "6"], ["27", "32"]], "2": [["1", "8"]]}, "28": {"1": [["1339", "14a"], ["1320", "54a"]]}, "3": {"1": [["14", "11"]]}, "4": {"1": [["1339", "3a"]]}, "6": {"1": [["13", "12"], ["1318", "8a"]]}, "8": {"1": [["5", "6"]]}, "11": {"1": [["5", "33"]]}, "13": {"1": [["5", "8"]]}, "12": {"1": [["30", "1"], ["27", "23"]]}, "17": {"1": [["27", "130"]]}, "19": {"1": [["4", "29"]]}, "32": {"2": [["27", "111"], ["3", "19"]]}, "31": {"1": [["781", "1"], ["1319", "14a"]]}, "30": {"1": [["1318", "35a"], ["5", "8"]]}, "35": {"1": [["1", "2"], ["1", "17"]]}, "34": {"1": [["27", "25"]]}, "33": {"1": [["33", "7"], ["5", "18"]]}}, "4": {"1": {"2": [["1", "2"]]}, "8": {"1": [["1323", "19a"], ["28", "3"], ["1341", "22a"]]}, "3": {"1": [["14", "11"]]}, "2": {"1": [["3", "19"], ["1", "28"]]}, "5": {"1": [["14", "16"]], "2": [["27", "133"], ["25", "14"], ["32", "1"], ["12", "57"]]}}, "6": {"24": {"2": [["5", "8"], ["3", "25"], ["33", "1"], ["1319", "31a"]]}, "25": {"1": [["2", "35"], ["1319", "70a"]]}, "27": {"1": [["28", "14"], ["27", "89"]]}, "21": {"1": [["2", "27"], ["27", "45"], ["12", "60"]]}, "22": {"1": [["4", "24"], ["33", "7"], ["12", "11"]]}, "28": {"1": [["1", "2"]]}, "1": {"2": [["33", "5"]]}, "2": {"1": [["1", "46"]]}, "5": {"1": [["13", "5"]]}, "4": {"1": [["14", "11"], ["27", "89"], ["1318", "33a"], ["15", "12"], ["12", "2"]]}, "6": {"1": [["1318", "8a"]]}, "9": {"1": [["27", "72"], ["1", "11"]]}, "8": {"1": [["32", "4"], ["27", "140"], ["27", "48"]]}, "11": {"1": [["30", "7"], ["27", "48"]]}, "10": {"1": [["27", "49"], ["12", "44"], ["1319", "11a"]]}, "13": {"1": [["2", "32"]]}, "12": {"1": [["2", "25"], ["12", "56"], ["27", "74"], ["27", "106"]]}, "15": {"1": [["2", "16"], ["2", "26"], ["12", "49"], ["1319", "113a"], ["29", "38"]]}, "14": {"1": [["1319", "92a"]]}, "17": {"1": [["5", "32"]]}, "16": {"1": [["4", "17"], ["768", "5"], ["1339", "25a"], ["5920", "12a"]]}, "19": {"1": [["2", "38"], ["5920", "48a"]]}, "18": {"1": [["1", "28"], ["1319", "88a"]]}}}