{"1": {"10": {"1": [["747", "1:10"]], "3": [["747", "1:10"]], "2": [["747", "1:10"]], "4": [["747", "1:10"]]}, "1": {"1": [["747", "1:1"]], "3": [["747", "1:1"]], "2": [["747", "1:1"], ["2", "16"]], "5": [["747", "1:1"]], "4": [["747", "1:1"], ["2", "13"]], "6": [["747", "1:1"]]}, "3": {"1": [["747", "1:3"]], "3": [["747", "1:3"]], "2": [["747", "1:3"]], "4": [["747", "1:3"]]}, "2": {"1": [["747", "1:2"]], "2": [["747", "1:2"]]}, "5": {"1": [["747", "1:5"]], "3": [["747", "1:5"], ["2", "12"]], "2": [["747", "1:5"]]}, "4": {"1": [["747", "1:4"]], "3": [["747", "1:4"]], "2": [["747", "1:4"], ["2", "23"]]}, "7": {"1": [["747", "1:7"]], "2": [["747", "1:7"]]}, "6": {"1": [["747", "1:6"]]}, "9": {"1": [["747", "1:9"]], "2": [["747", "1:9"]]}, "8": {"1": [["747", "1:8"]], "3": [["747", "1:8"]], "2": [["747", "1:8"]]}}, "3": {"1": {"1": [["747", "3:1"]], "2": [["747", "3:1"]]}, "3": {"1": [["747", "3:3"]], "3": [["747", "3:3"]], "2": [["747", "3:3"]], "5": [["747", "3:3"]], "4": [["747", "3:3"], ["4", "13"]]}, "2": {"1": [["747", "3:2"]], "2": [["747", "3:2"]]}, "5": {"1": [["747", "3:5"]], "2": [["747", "3:5"]]}, "4": {"1": [["747", "3:4"]]}, "7": {"1": [["747", "3:7"]], "3": [["747", "3:7"]], "2": [["747", "3:7"]]}, "6": {"1": [["747", "3:6"], ["37", "13"]], "3": [["747", "3:6"]], "2": [["747", "3:6"]]}, "8": {"1": [["747", "3:8"]], "3": [["747", "3:8"]], "2": [["747", "3:8"]], "5": [["747", "3:8"]], "4": [["747", "3:8"]]}}, "2": {"10": {"1": [["747", "2:10"]], "3": [["747", "2:10"]], "2": [["747", "2:10"]]}, "1": {"1": [["747", "2:1"]], "3": [["747", "2:1"]], "2": [["747", "2:1"]], "5": [["747", "2:1"]], "4": [["747", "2:1"]]}, "3": {"1": [["747", "2:3"]], "3": [["747", "2:3"]], "2": [["747", "2:3"]], "4": [["747", "2:3"]]}, "2": {"1": [["747", "2:2"], ["3", "11"]], "3": [["747", "2:2"]], "2": [["747", "2:2"]]}, "5": {"1": [["747", "2:5"]], "3": [["747", "2:5"]], "2": [["747", "2:5"]], "4": [["747", "2:5"]]}, "4": {"1": [["747", "2:4"]], "3": [["747", "2:4"]], "2": [["747", "2:4"]], "4": [["747", "2:4"]]}, "7": {"1": [["747", "2:7"]], "3": [["747", "2:7"]], "2": [["747", "2:7"]], "4": [["747", "2:7"]]}, "6": {"1": [["747", "2:6"]], "3": [["747", "2:6"]], "2": [["747", "2:6"]], "4": [["747", "2:6"], ["1", "40"]]}, "9": {"1": [["747", "2:9"]], "2": [["747", "2:9"]]}, "8": {"1": [["747", "2:8"]], "3": [["747", "2:8"]], "2": [["747", "2:8"]], "5": [["747", "2:8"]], "4": [["747", "2:8"]]}}, "5": {"1": {"1": [["747", "5:1"], ["5", "28"]], "3": [["747", "5:1"]], "2": [["747", "5:1"]], "4": [["747", "5:1"]]}, "3": {"1": [["747", "5:3"]]}, "2": {"11": [["747", "5:2"]], "10": [["747", "5:2"]], "12": [["747", "5:2"]], "1": [["747", "5:2"]], "3": [["747", "5:2"]], "2": [["747", "5:2"]], "5": [["747", "5:2"]], "4": [["747", "5:2"], ["4", "24"]], "7": [["747", "5:2"]], "6": [["747", "5:2"]], "9": [["747", "5:2"]], "8": [["747", "5:2"]]}, "5": {"1": [["747", "5:5"]], "3": [["747", "5:5"]], "2": [["747", "5:5"]], "4": [["747", "5:5"]]}, "4": {"1": [["747", "5:4"]], "3": [["747", "5:4"]], "2": [["747", "5:4"]]}, "7": {"1": [["747", "5:7"]], "3": [["747", "5:7"]], "2": [["747", "5:7"]], "4": [["747", "5:7"], ["1", "41"]]}}, "4": {"1": {"1": [["747", "4:1"]], "3": [["747", "4:1"]], "2": [["747", "4:1"]], "4": [["747", "4:1"]]}, "3": {"1": [["747", "4:3"]], "3": [["747", "4:3"]], "2": [["747", "4:3"]], "5": [["747", "4:3"]], "4": [["747", "4:3"]], "7": [["747", "4:3"]], "6": [["747", "4:3"]]}, "2": {"1": [["747", "4:2"]], "3": [["747", "4:2"]], "2": [["747", "4:2"]], "4": [["747", "4:2"]]}, "5": {"1": [["747", "4:5"]], "3": [["747", "4:5"]], "2": [["747", "4:5"]], "5": [["747", "4:5"]], "4": [["747", "4:5"]], "7": [["747", "4:5"]], "6": [["747", "4:5"]]}, "4": {"1": [["747", "4:4"]], "2": [["747", "4:4"]]}, "7": {"1": [["747", "4:7"]], "3": [["747", "4:7"]], "2": [["747", "4:7"]], "5": [["747", "4:7"]], "4": [["747", "4:7"]], "6": [["747", "4:7"]]}, "6": {"1": [["747", "4:6"]], "3": [["747", "4:6"]], "2": [["747", "4:6"]]}}}