{"1": {"49": {"1": [[687, [2], 0], [687, [2], 0], [552, [242], 0], [552, [242], 0]]}, "50": {"1": [[34, [2], 0], [34, [2], 0]]}, "53": {"1": [[4, [17], 0], [4, [17, 11], 0], [4, [17], 0], [4, [17, 11], 0]]}, "1": {"1": [[2, [12, 37], 0], [2, [12, 37], 0]], "2": [[2, [12, 37], 0], [2, [32, 28], 0], [2, [12, 37], 0], [2, [32, 28], 0]]}}, "2": {"2": {"1": [[1, [50], 0], [1, [50, 12], 0], [1, [50], 0], [1, [50, 12], 0], [4, [12], 0], [4, [12], 0]], "2": [[6, [3], 0], [6, [3, 4], 0], [6, [3], 0], [6, [3, 4], 0]]}}, "3": {"6": {"1": [[4, [18], 0], [4, [18, 1], 0], [4, [18], 0], [4, [18, 1], 0]]}, "38": {"1": [[27, [60], 0], [7, [5], 0], [27, [60, 9], 0], [7, [5, 14], 0], [27, [60], 0], [27, [60, 9], 0], [7, [5], 0], [7, [5, 14], 0]]}, "39": {"1": [[561, [8], 0], [561, [8], 0]], "2": [[561, [10], 0], [561, [10], 0]]}, "8": {"1": [[4, [18, 31], 0], [4, [18, 31], 0]]}, "9": {"2": [[4, [8, 19], 0], [4, [8, 19], 0]]}, "7": {"1": [[540, [26], 0], [540, [26], 0]]}}, "4": {"10": {"1": [[331, [32], 0], [331, [32], 0]]}, "13": {"3": [[536, [42], 0], [533, [208], 0], [533, [208], 0], [536, [42], 0]]}, "7": {"2": [[2, [25, 29], 0], [2, [25, 29], 0]]}}, "5": {"2": {"2": [[534, [134], 0], [534, [134], 0]]}, "6": {"1": [[3, [5], 0], [3, [5], 0]]}, "7": {"1": [[550, [222], 0], [550, [222], 0]], "2": [[544, [38], 0], [544, [38], 0]]}, "8": {"5": [[3, [5, 25], 0], [3, [5, 25], 0]]}, "9": {"1": [[2, [23], 0], [2, [23, 19], 0], [2, [23], 0], [2, [23, 19], 0]], "2": [[2, [23, 19], 0], [2, [23, 19], 0]]}, "12": {"3": [[28, [7], 0], [28, [6, 32], 0], [28, [7], 0], [28, [6, 32], 0]]}, "13": {"1": [[547, [56], 0], [547, [56], 0]], "2": [[543, [190], 0], [543, [190], 0]], "3": [[547, [54], 0], [547, [54], 0]], "7": [[5, [22], 0], [5, [22, 28], 0], [5, [22], 0], [5, [22, 28], 0]]}, "15": {"2": [[547, [24], 0], [547, [24], 0]], "4": [[547, [10], 0], [547, [10], 0]]}, "17": {"1": [[544, [144], 0], [544, [144], 0]], "2": [[547, [14], 0], [547, [14], 0]]}, "18": {"6": [[14, [24], 0], [14, [28, 24], 0], [14, [24], 0], [14, [28, 24], 0]], "7": [[14, [28, 24], 0], [14, [28, 24], 0]]}, "21": {"3": [[1, [11], 0], [555, [48], 0], [1, [11], 0], [12, [65], 0], [547, [36], 0], [12, [65, 15], 0], [12, [65], 0], [12, [65, 15], 0], [555, [48], 0], [547, [36], 0]]}, "22": {"1": [[2, [13], 0], [5, [1], 0], [2, [13, 21], 0], [5, [1, 33], 0], [5, [1], 0], [5, [1, 33], 0], [2, [13], 0], [2, [13, 21], 0]]}, "27": {"1": [[547, [54], 0], [547, [54], 0]]}, "28": {"3": [[547, [54], 0], [547, [54], 0]]}, "30": {"1": [[2, [21], 0], [2, [21, 36], 0], [2, [21], 0], [2, [21, 36], 0]]}}, "6": {"2": {"1": [[547, [4], 0], [547, [4], 0]]}, "3": {"2": [[546, [68], 0], [532, [34], 0], [532, [34], 0], [546, [68], 0]]}, "4": {"1": [[546, [68], 0], [546, [68], 0]]}, "5": {"2": [[3, [21], 0], [3, [21, 10], 0], [3, [21], 0], [3, [21, 10], 0]]}, "13": {"1": [[3, [22], 0], [5, [34], 0], [3, [22, 16], 0], [5, [34, 6], 0], [3, [22], 0], [3, [22, 16], 0], [5, [34], 0], [5, [34, 6], 0]]}, "15": {"2": [[559, [154], 0], [559, [154], 0]]}, "18": {"1": [[3, [3], 0], [3, [3, 2], 0], [3, [3], 0], [3, [3, 2], 0]]}}, "7": {"1": {"2": [[10, [12], 0], [27, [132], 0], [27, [132, 1], 0], [27, [132], 0], [27, [132, 1], 0], [10, [12], 0]], "3": [[548, [120], 0], [548, [120], 0]]}, "2": {"1": [[2, [5], 0], [2, [5], 0]], "2": [[4, [1], 0], [4, [1], 0]]}, "3": {"1": [[12, [66], 0], [12, [66, 20], 0], [12, [66], 0], [12, [66, 20], 0]], "2": [[2, [36], 0], [2, [36, 7], 0], [2, [36], 0], [2, [36, 7], 0]]}, "11": {"1": [[558, [42], 0], [558, [42], 0]]}, "19": {"3": [[1, [5], 0], [1, [5], 0]], "4": [[1, [5, 3], 0], [1, [5, 3], 0]], "5": [[1, [6, 3], 0], [1, [6, 3], 0]]}, "84": {"1": [[3, [7, 36], 0], [3, [7, 36], 0]]}, "21": {"1": [[1, [18], 0], [1, [18, 7], 0], [1, [18], 0], [1, [18, 7], 0]]}, "89": {"1": [[3, [1, 1], 0], [2, [25, 22], 0], [3, [1, 1], 0], [2, [25, 22], 0]]}}, "8": {"24": {"2": [[4, [4], 0], [560, [54], 0], [4, [4, 3], 0], [4, [4], 0], [4, [4, 3], 0], [560, [54], 0]]}, "4": {"8": [[2, [25, 40], 0], [2, [25, 40], 0]], "2": [[35, [5, 6], 0], [35, [5, 6], 0]], "6": [[7, [15], 0], [7, [15, 5], 0], [7, [15], 0], [7, [15, 5], 0]], "7": [[2, [25], 0], [2, [25, 40], 0], [2, [25], 0], [2, [25, 40], 0]]}}, "9": {"1": {"1": [[534, [160], 0], [534, [160], 0]]}, "4": {"1": [[3, [23], 0], [3, [23, 44], 0], [3, [23], 0], [3, [23, 44], 0]], "2": [[3, [23, 44], 0], [3, [23, 44], 0]]}, "7": {"1": [[553, [160], 0], [553, [160], 0]]}, "14": {"1": [[534, [186], 0], [534, [186], 0]]}, "17": {"1": [[10, [18], 0], [10, [18], 0]]}, "22": {"1": [[3, [25], 0], [3, [25, 29], 0], [3, [25], 0], [3, [25, 29], 0]]}}, "10": {"32": {"1": [[7, [1], 0], [7, [1, 16], 0], [7, [1], 0], [7, [1, 16], 0]], "2": [[7, [1, 16], 0], [7, [1, 16], 0]]}, "33": {"2": [[552, [28], 0], [552, [28], 0]]}, "2": {"1": [[5, [33, 5], 0], [5, [33, 5], 0]]}, "35": {"1": [[532, [232], 0], [532, [232], 0]], "5": [[27, [83], 0], [27, [83, 3], 0], [27, [83], 0], [27, [83, 3], 0]]}, "36": {"1": [[12, [30], 0], [12, [30, 15], 0], [12, [30], 0], [12, [30, 15], 0]]}, "10": {"1": [[562, [22], 0], [562, [22], 0]]}, "17": {"1": [[4, [4], 0], [4, [4, 5], 0], [4, [4], 0], [4, [4, 5], 0]]}, "25": {"1": [[4, [2], 0], [4, [2, 17], 0], [4, [2], 0], [4, [2, 17], 0]]}, "29": {"1": [[2, [2], 0], [7, [4], 0], [2, [2, 18], 0], [7, [4, 11], 0], [2, [2], 0], [2, [2, 18], 0], [7, [4], 0], [7, [4, 11], 0]]}, "31": {"3": [[1, [38], 0], [1, [38, 26], 0], [1, [38], 0], [1, [38, 26], 0]], "4": [[5, [10], 0], [5, [10, 19], 0], [5, [10], 0], [5, [10, 19], 0]]}}, "11": {"1": {"1": [[2, [17], 0], [2, [5], 0], [13, [13], 0], [20, [6], 0], [2, [17, 4], 0], [13, [13, 10], 0], [20, [6, 3], 0], [13, [13], 0], [13, [13, 10], 0], [20, [6], 0], [20, [6, 3], 0], [2, [17], 0], [2, [5], 0], [2, [17, 4], 0]], "2": [[7, [14], 0], [7, [14, 4], 0], [7, [14], 0], [7, [14, 4], 0]]}, "4": {"3": [[2, [12], 0], [4, [32], 0], [2, [12, 38], 0], [4, [32, 1], 0], [4, [32], 0], [4, [32, 1], 0], [2, [12], 0], [2, [12, 38], 0]]}, "5": {"1": [[2, [5], 0], [2, [5, 18], 0], [2, [5], 0], [2, [5, 18], 0]]}, "8": {"4": [[5, [32], 0], [27, [32], 0], [5, [32, 15], 0], [27, [32, 4], 0], [27, [32], 0], [27, [32, 4], 0], [5, [32], 0], [5, [32, 15], 0]], "5": [[5, [32, 15], 0], [27, [32, 4], 0], [27, [32, 4], 0], [5, [32, 15], 0]]}, "12": {"1": [[2, [32], 0], [2, [6], 0], [2, [32], 0], [2, [6], 0]]}, "16": {"1": [[2, [3], 0], [2, [24], 0], [2, [3, 16], 0], [2, [3], 0], [2, [24], 0], [2, [3, 16], 0]], "2": [[2, [5], 0], [2, [5, 14], 0], [2, [5], 0], [2, [5, 14], 0]], "3": [[2, [5, 14], 0], [2, [5, 14], 0]]}, "17": {"3": [[2, [24], 0], [2, [24, 11], 0], [2, [24], 0], [2, [24, 11], 0]]}, "18": {"1": [[13, [12], 0], [13, [12, 3], 0], [13, [12], 0], [13, [12, 3], 0]]}, "22": {"1": [[3, [25], 0], [4, [20], 0], [4, [20], 0], [3, [25], 0]]}, "23": {"1": [[27, [78], 0], [27, [78, 20], 0], [27, [78], 0], [27, [78, 20], 0]]}, "28": {"1": [[553, [12], 0], [553, [12], 0]]}, "30": {"3": [[5, [22], 0], [27, [39], 0], [5, [22, 2], 0], [27, [39], 0], [5, [22], 0], [5, [22, 2], 0]]}, "31": {"1": [[21, [1], 0], [27, [90], 0], [21, [1, 12], 0], [27, [90, 10], 0], [21, [1], 0], [21, [1, 12], 0], [27, [90], 0], [27, [90, 10], 0]], "2": [[14, [29], 0], [14, [29, 5], 0], [14, [29], 0], [14, [29, 5], 0]]}}, "12": {"1": {"1": [[1, [42], 0], [1, [19], 0], [1, [42, 30], 0], [1, [19, 7], 0], [1, [42], 0], [1, [19], 0], [1, [42, 30], 0], [1, [19, 7], 0], [4, [12, 6], 0], [4, [12, 6], 0]], "2": [[4, [11, 26], 0], [4, [11, 26], 0]]}, "5": {"1": [[2, [15], 0], [27, [68], 0], [2, [15, 3], 0], [27, [68, 18], 0], [27, [68], 0], [27, [68, 18], 0], [2, [15], 0], [2, [15, 3], 0]], "3": [[1, [7], 0], [1, [6, 9], 0], [1, [7, 1], 0], [1, [7], 0], [1, [6, 9], 0], [1, [7, 1], 0]]}, "8": {"1": [[5, [5], 0], [5, [5, 27], 0], [5, [5], 0], [5, [5, 27], 0]], "2": [[2, [33], 0], [14, [17], 0], [2, [33, 20], 0], [14, [17, 2], 0], [14, [17], 0], [14, [17, 2], 0], [2, [33], 0], [2, [33, 20], 0]], "3": [[2, [33, 23], 0], [2, [33, 23], 0]]}, "12": {"3": [[1, [37], 0], [1, [37, 27], 0], [1, [37], 0], [1, [37, 27], 0]]}, "13": {"2": [[2, [6], 0], [4, [27], 0], [5, [3], 0], [2, [6, 12], 0], [4, [27, 15], 0], [4, [27], 0], [4, [27, 15], 0], [5, [3], 0], [2, [6], 0], [2, [6, 12], 0]]}, "14": {"1": [[550, [50], 0], [550, [50], 0]]}, "15": {"1": [[2, [2], 0], [547, [18], 0], [2, [2, 4], 0], [2, [2], 0], [2, [2, 4], 0], [547, [18], 0]]}}, "13": {"32": {"2": [[9, [21], 0], [8, [17], 0], [8, [17], 0], [9, [21], 0]]}, "33": {"1": [[536, [120], 0], [536, [120], 0]], "2": [[547, [70], 0], [547, [70], 0]]}, "2": {"2": [[547, [68], 0], [5, [1, 22], 0], [2, [3, 17], 0], [547, [72], 0], [5, [1, 22], 0], [2, [3, 17], 0], [547, [68], 0], [547, [72], 0]]}, "22": {"1": [[5, [1], 0], [7, [1], 0], [547, [68], 0], [5, [1, 36], 0], [7, [1, 20], 0], [5, [1], 0], [5, [1, 36], 0], [7, [1], 0], [7, [1, 20], 0], [547, [68], 0]], "2": [[1, [13], 0], [1, [13, 10], 0], [1, [13], 0], [12, [30], 0], [547, [68], 0], [1, [13, 10], 0], [12, [30, 4], 0], [12, [30], 0], [12, [30, 4], 0], [547, [68], 0]]}, "23": {"2": [[6, [4, 8], 0], [6, [4, 5], 0], [6, [4, 8], 0], [547, [68], 0], [6, [4, 5], 0], [547, [68], 0]]}, "26": {"1": [[547, [68], 0], [547, [68], 0]]}, "30": {"4": [[17, [6], 0], [17, [6, 10], 0], [25, [2], 0], [17, [6], 0], [25, [2, 17], 0], [17, [6, 10], 0], [25, [2], 0], [25, [2, 17], 0]]}}, "14": {"33": {"1": [[2, [32], 0], [2, [32, 34], 0], [2, [32], 0], [2, [32, 34], 0]]}, "34": {"1": [[4, [30], 0], [4, [30, 6], 0], [4, [30], 0], [4, [30, 6], 0]]}, "38": {"1": [[552, [234], 0], [552, [234], 0]]}, "9": {"3": [[547, [76], 0], [547, [76], 0]]}, "44": {"1": [[12, [32], 0], [20, [4], 0], [22, [2], 0], [12, [32, 14], 0], [20, [4, 8], 0], [22, [2, 4], 0], [22, [2], 0], [22, [2, 4], 0], [12, [32], 0], [12, [32, 14], 0], [20, [4], 0], [20, [4, 8], 0]]}, "45": {"1": [[5, [9], 0], [5, [9, 21], 0], [5, [9], 0], [5, [9, 21], 0]]}, "16": {"1": [[531, [64], 0], [531, [64], 0]]}, "24": {"1": [[6, [14], 0], [6, [14, 7], 0], [6, [14], 0], [6, [14, 7], 0]]}}, "15": {"32": {"1": [[564, [14], 0], [564, [14], 0]]}, "34": {"1": [[553, [156], 0], [553, [156], 0]]}, "4": {"1": [[537, [110], 0], [537, [96], 0], [537, [110], 0], [537, [96], 0]]}, "38": {"1": [[14, [8], 0], [14, [8, 3], 0], [14, [8], 0], [14, [8, 3], 0]], "2": [[559, [84], 0], [2, [19, 4], 0], [2, [6], 0], [559, [84], 0], [2, [19, 4], 0], [2, [6], 0]]}, "6": {"1": [[559, [182], 0], [560, [46], 0], [559, [182], 0], [560, [46], 0]]}, "39": {"2": [[4, [13, 25], 0], [4, [13, 25], 0]]}, "41": {"4": [[551, [122], 0], [14, [20], 0], [560, [10], 0], [551, [122], 0], [532, [176], 0], [14, [20, 33], 0], [560, [10], 0], [532, [176], 0], [14, [20], 0], [14, [20, 33], 0]], "5": [[2, [19], 0], [2, [7], 0], [2, [19], 0], [2, [7], 0]]}, "15": {"1": [[1, [13], 0], [1, [13, 10], 0], [1, [13], 0], [10, [22], 0], [1, [13, 10], 0], [10, [22], 0]]}, "20": {"1": [[2, [16], 0], [2, [16, 16], 0], [2, [16], 0], [2, [16, 16], 0]]}, "22": {"2": [[564, [14], 0], [564, [14], 0]], "3": [[557, [16], 0], [27, [62], 0], [27, [62, 12], 0], [557, [16], 0], [27, [62], 0], [27, [62, 12], 0]], "4": [[27, [62, 12], 0], [27, [62, 12], 0]]}, "24": {"2": [[3, [5], 0], [558, [100], 0], [557, [26], 0], [3, [5, 10], 0], [557, [26], 0], [558, [100], 0], [3, [5], 0], [3, [5, 10], 0]]}, "25": {"1": [[543, [18], 0], [543, [18], 0]]}, "30": {"2": [[12, [36], 0], [14, [5], 0], [553, [180], 0], [14, [5, 15], 0], [12, [37, 6], 0], [553, [180], 0], [12, [36], 0], [12, [37, 6], 0], [14, [5], 0], [14, [5, 15], 0]]}, "36": {"1": [[553, [84], 0], [553, [84], 0]]}}, "16": {"1": {"2": [[15, [14], 0], [15, [14, 3], 0], [15, [14], 0], [4, [20], 0], [29, [15], 0], [15, [14, 3], 0], [4, [20, 25], 0], [29, [15, 12], 0], [4, [20], 0], [4, [20, 25], 0], [29, [15], 0], [29, [15, 12], 0]], "3": [[1, [49], 0], [1, [49, 6], 0], [1, [49], 0], [1, [49, 6], 0]], "4": [[2, [6], 0], [2, [6, 18], 0], [4, [1, 16], 0], [4, [1, 16], 0], [2, [6], 0], [2, [6, 18], 0]]}, "3": {"3": [[2, [20, 2], 0], [2, [20, 2], 0]]}, "4": {"1": [[2, [32, 11], 0], [4, [11, 2], 0], [4, [11, 12], 0], [4, [11, 2], 0], [4, [11, 12], 0], [2, [32, 11], 0]]}, "5": {"4": [[1, [1], 0], [1, [1, 5], 0], [38, [23], 0], [1, [1], 0], [38, [23], 0], [1, [1, 5], 0]], "5": [[1, [1, 5], 0], [1, [1, 5], 0]]}, "12": {"1": [[553, [220], 0], [553, [220], 0]]}, "14": {"1": [[2, [3], 0], [4, [14], 0], [2, [3, 17], 0], [4, [14, 29], 0], [4, [14], 0], [4, [14, 29], 0], [2, [3], 0], [2, [3, 17], 0]]}, "27": {"1": [[8, [17], 0], [8, [17], 0]]}, "30": {"2": [[553, [220], 0], [553, [220], 0]]}}, "17": {"11": {"1": [[532, [178], 0], [532, [178], 0]]}, "3": {"1": [[536, [72], 0], [536, [72], 0]]}, "20": {"1": [[1, [8], 0], [1, [8, 1], 0], [1, [8], 0], [34, [7], 0], [1, [8, 1], 0], [34, [7, 10], 0], [34, [7], 0], [34, [7, 10], 0]]}, "5": {"2": [[2, [4], 0], [2, [4, 6], 0], [2, [4], 0], [2, [4, 6], 0]]}, "23": {"3": [[1, [21], 0], [1, [21, 8], 0], [1, [21], 0], [12, [18], 0], [1, [21, 8], 0], [12, [18, 5], 0], [12, [18], 0], [12, [18, 5], 0]]}}, "18": {"8": {"1": [[2, [4], 0], [560, [266], 0], [2, [4, 14], 0], [560, [266], 0], [2, [4], 0], [2, [4, 14], 0]]}, "32": {"1": [[543, [178], 0], [543, [178], 0]], "2": [[561, [112], 0], [561, [112], 0]]}, "18": {"1": [[558, [112], 0], [558, [112], 0]]}, "27": {"4": [[25, [14], 0], [25, [14, 10], 0], [25, [14], 0], [25, [14, 10], 0]]}, "5": {"1": [[4, [17], 0], [4, [17, 11], 0], [4, [17], 0], [4, [17, 11], 0]]}}, "19": {"2": {"6": [[12, [1, 18], 0], [12, [1, 18], 0]]}, "3": {"2": [[536, [136], 0], [536, [136], 0]], "3": [[536, [84], 0], [536, [84], 0]]}, "4": {"1": [[536, [56], 0], [536, [56], 0]]}, "9": {"1": [[334, [3], 0], [334, [3], 0]], "2": [[32, [3], 0], [25, [2], 0], [32, [3, 53], 0], [25, [2, 4], 0], [32, [3], 0], [32, [3, 53], 0], [25, [2], 0], [25, [2, 4], 0]], "4": [[2, [32, 34], 0], [2, [32, 20], 0], [2, [32, 34], 0], [2, [32, 20], 0]]}, "13": {"1": [[560, [144], 0], [560, [144], 0]]}, "15": {"2": [[1, [30], 0], [1, [30, 8], 0], [1, [30], 0], [1, [30, 8], 0]]}, "16": {"1": [[560, [144], 0], [560, [144], 0]]}, "20": {"1": [[555, [32], 0], [555, [32], 0]]}, "21": {"1": [[536, [28], 0], [567, [18], 0], [536, [28], 0], [567, [18], 0]]}, "22": {"4": [[2, [32], 0], [12, [1], 0], [12, [1], 0], [2, [32], 0]]}}, "20": {"1": {"3": [[4, [33, 38], 0], [4, [33, 38], 0]]}, "11": {"1": [[2, [17, 6], 0], [2, [17, 6], 0]]}, "12": {"1": [[4, [11], 0], [4, [11, 22], 0], [4, [11], 0], [4, [11, 22], 0]], "3": [[8, [3], 0], [8, [3], 0]]}, "13": {"1": [[2, [1], 0], [2, [1], 0]], "2": [[3, [10], 0], [27, [68], 0], [3, [10, 3], 0], [27, [68, 36], 0], [3, [10], 0], [3, [10, 3], 0], [27, [68], 0], [27, [68, 36], 0]]}, "14": {"1": [[1, [15], 0], [1, [15, 13], 0], [1, [15], 0], [1, [15, 13], 0]]}, "16": {"1": [[1, [27], 0], [1, [27, 22], 0], [1, [27], 0], [1, [27, 22], 0], [1, [27, 22], 0]]}, "18": {"1": [[1, [27], 0], [1, [27, 40], 0], [1, [27], 0], [1, [27, 40], 0], [5, [26, 7], 0], [1, [27, 40], 0], [5, [26, 7], 0]]}, "22": {"1": [[5, [4], 0], [5, [4, 4], 0], [5, [4], 0], [5, [4, 4], 0]]}, "26": {"1": [[5, [32], 0], [5, [32, 50], 0], [5, [32], 0], [5, [32, 50], 0]]}, "29": {"3": [[535, [6], 0], [29, [21], 0], [29, [21, 4], 0], [535, [6], 0], [29, [21], 0], [29, [21, 4], 0]], "4": [[535, [6], 0], [29, [21, 4], 0], [535, [6], 0], [29, [21, 4], 0]]}}, "21": {"1": {"2": [[4, [13], 0], [4, [13, 29], 0], [4, [13], 0], [4, [13, 29], 0]], "3": [[4, [13, 22], 0], [4, [10, 33], 0], [4, [13, 22], 0], [4, [10, 33], 0]]}, "34": {"1": [[1, [14], 0], [1, [14, 13], 0], [1, [14], 0], [5, [3], 0], [567, [122], 0], [1, [14, 13], 0], [5, [3, 11], 0], [5, [3], 0], [5, [3, 11], 0], [567, [122], 0]]}, "35": {"1": [[531, [108], 0], [531, [108], 0]]}, "4": {"1": [[5, [1], 0], [5, [1, 40], 0], [5, [1], 0], [5, [1, 40], 0]], "3": [[25, [11], 0], [7, [10], 0], [29, [10], 0], [25, [11, 8], 0], [7, [10, 16], 0], [29, [10, 16], 0], [29, [10], 0], [29, [10, 16], 0], [25, [11], 0], [25, [11, 8], 0], [7, [10], 0], [7, [10, 16], 0]]}, "8": {"1": [[12, [30], 0], [12, [30, 17], 0], [12, [30], 0], [12, [30, 17], 0]]}, "11": {"1": [[12, [28], 0], [12, [28, 17], 0], [12, [28], 0], [12, [28, 17], 0]]}, "13": {"1": [[5, [2], 0], [5, [2, 18], 0], [5, [2], 0], [5, [2, 18], 0]], "3": [[5, [2], 0], [7, [11], 0], [5, [2, 29], 0], [7, [11, 17], 0], [5, [2], 0], [5, [2, 29], 0], [7, [11], 0], [7, [11, 17], 0]]}, "17": {"1": [[532, [70], 0], [532, [70], 0]]}, "20": {"2": [[5, [33], 0], [5, [33, 21], 0], [5, [33], 0], [5, [33, 21], 0]], "4": [[27, [48], 0], [27, [48, 14], 0], [27, [48], 0], [27, [48, 14], 0]]}, "21": {"1": [[4, [20], 0], [5, [2], 0], [7, [11], 0], [4, [20, 14], 0], [5, [2, 26], 0], [7, [11, 17], 0], [4, [20], 0], [4, [20, 14], 0], [5, [2], 0], [5, [2, 26], 0], [7, [11], 0], [7, [11, 17], 0]]}, "23": {"1": [[4, [20], 0], [4, [20], 0]]}, "24": {"1": [[5, [2], 0], [5, [2, 19], 0], [5, [2], 0], [5, [2, 19], 0]]}, "26": {"1": [[5, [2, 9], 0], [5, [2, 9], 0]]}, "27": {"2": [[4, [23], 0], [4, [23, 7], 0], [4, [23], 0], [4, [23, 7], 0]]}, "30": {"2": [[10, [11], 0], [10, [11], 0]]}}, "22": {"32": {"1": [[9, [13], 0], [29, [16], 0], [532, [208], 0], [532, [210], 0], [29, [16], 0], [532, [208], 0], [532, [210], 0], [9, [13], 0]]}, "33": {"3": [[3, [20], 0], [3, [20, 15], 0], [3, [20], 0], [3, [20, 15], 0]]}, "34": {"2": [[1, [22, 2], 0], [1, [22, 2], 0]]}, "3": {"1": [[29, [19], 0], [29, [19, 29], 0], [29, [19], 0], [29, [19, 29], 0]]}, "4": {"1": [[1, [36], 0], [1, [36, 35], 0], [1, [36], 0], [1, [36, 35], 0]]}, "5": {"6": [[27, [118], 0], [27, [118, 10], 0], [27, [118], 0], [27, [118, 10], 0]]}, "8": {"1": [[1, [31], 0], [1, [31, 24], 0], [1, [31], 0], [1, [31, 24], 0]]}, "21": {"1": [[1, [22], 0], [1, [22, 3], 0], [1, [22], 0], [1, [22, 3], 0]]}, "23": {"2": [[4, [31], 0], [4, [31, 8], 0], [4, [31], 0], [4, [31, 8], 0]]}, "24": {"1": [[12, [40], 0], [10, [20], 0], [12, [40, 12], 0], [12, [40], 0], [12, [40, 12], 0], [10, [20], 0]]}, "26": {"1": [[1, [32], 0], [1, [33, 3], 0], [1, [32], 0], [1, [33, 3], 0]]}, "30": {"1": [[29, [22], 0], [29, [22, 2], 0], [29, [22], 0], [29, [22, 2], 0]]}}, "23": {"4": {"2": [[1, [12], 0], [1, [12, 7], 0], [1, [12], 0], [1, [12, 7], 0]]}, "8": {"1": [[1, [49], 0], [1, [49], 0], [5, [27], 0], [5, [27, 12], 0], [5, [27], 0], [5, [27, 12], 0]], "2": [[20, [6], 0], [531, [12], 0], [20, [6, 5], 0], [531, [12], 0], [20, [6], 0], [20, [6, 5], 0]]}, "9": {"3": [[13, [30], 0], [5, [32], 0], [5, [32, 12], 0], [13, [30, 11], 0], [13, [30], 0], [13, [30, 11], 0], [5, [32], 0], [5, [32, 12], 0]]}, "10": {"1": [[3, [19], 0], [5, [22], 0], [3, [19, 19], 0], [5, [22, 10], 0], [3, [19], 0], [3, [19, 19], 0], [5, [22], 0], [5, [22, 10], 0]], "2": [[3, [19, 19], 0], [5, [22, 10], 0], [3, [19, 19], 0], [5, [22, 10], 0]]}, "18": {"2": [[1, [1], 0], [1, [1, 24], 0], [1, [1], 0], [27, [104], 0], [27, [114], 0], [1, [1, 24], 0], [27, [104, 20], 0], [27, [114, 8], 0], [27, [104], 0], [27, [114], 0], [27, [104, 20], 0], [27, [114, 8], 0]]}, "20": {"3": [[27, [74, 18], 0], [27, [74, 18], 0]]}, "21": {"3": [[27, [7, 15], 0], [27, [7, 15], 0]], "4": [[27, [7, 15], 0], [27, [7, 15], 0]], "5": [[7, [15, 6], 0], [7, [15, 6], 0]], "6": [[7, [15, 6], 0], [7, [15, 6], 0]]}, "22": {"2": [[1, [1, 20], 0], [1, [1, 20], 0], [29, [22, 25], 0], [29, [22, 25], 0]]}, "23": {"2": [[12, [30, 20], 0], [12, [30, 20], 0]], "3": [[12, [30, 20], 0], [12, [30, 20], 0]]}, "24": {"3": [[6, [13, 22], 0], [6, [13, 22], 0]], "4": [[6, [13, 22], 0], [6, [13, 22], 0]]}, "25": {"1": [[5, [32, 25], 0], [5, [32, 25], 0]]}}, "24": {"3": {"1": [[27, [114, 8], 0], [27, [114, 8], 0]]}, "5": {"3": [[32, [4], 0], [32, [4], 0]]}, "6": {"1": [[553, [210], 0], [553, [210], 0]], "2": [[27, [45, 9], 0], [27, [45, 9], 0]], "4": [[35, [11, 45], 0], [35, [11, 45], 0]]}, "8": {"3": [[14, [23, 34], 0], [23, [3, 3], 0], [23, [3, 3], 0], [14, [23, 34], 0]], "4": [[1, [49, 23], 0], [1, [49, 23], 0], [27, [68, 24], 0], [7, [5, 26], 0], [27, [68, 24], 0], [7, [5, 26], 0]]}, "14": {"2": [[553, [212], 0], [553, [212], 0]]}, "17": {"2": [[32, [2, 4], 0], [32, [2, 4], 0]], "5": [[28, [30, 17], 0], [28, [30, 17], 0], [12, [51, 1], 0], [12, [51, 1], 0]]}, "20": {"2": [[5, [25, 19], 0], [5, [25, 19], 0]]}, "21": {"2": [[2, [1, 10], 0], [2, [1, 10], 0]]}, "24": {"3": [[35, [7, 11], 0], [35, [7, 11], 0]], "4": [[12, [33, 21], 0], [12, [33, 21], 0]]}}, "25": {"6": {"1": [[553, [164], 0], [553, [164], 0]], "4": [[2, [32, 20], 0], [2, [32, 20], 0]]}, "11": {"1": [[553, [164], 0], [547, [86, 4], 0], [553, [164], 0], [547, [86, 4], 0]]}, "12": {"1": [[553, [680], 0], [553, [680], 0]]}, "13": {"3": [[25, [1], 0], [4, [11], 0], [4, [11], 0], [25, [1], 0]]}, "15": {"2": [[4, [31], 0], [4, [31], 0]]}, "18": {"1": [[550, [76], 0], [550, [76], 0]]}}, "26": {"64": {"1": [[4, [14], 0], [4, [14, 4], 0], [4, [14], 0], [4, [14, 4], 0]], "2": [[4, [14, 4], 0], [4, [14, 4], 0]]}, "4": {"1": [[2, [30], 0], [2, [30, 13], 0], [2, [30], 0], [2, [30, 13], 0]]}, "5": {"1": [[27, [122], 0], [27, [122, 4], 0], [27, [122], 0], [27, [122, 4], 0]]}, "10": {"1": [[4, [17], 0], [4, [17, 5], 0], [4, [17], 0], [4, [17, 5], 0]]}, "11": {"1": [[553, [220], 0], [553, [220], 0]]}, "13": {"1": [[5, [10], 0], [5, [10, 6], 0], [5, [10], 0], [5, [10, 6], 0]]}, "54": {"1": [[552, [236], 0], [552, [236], 0]]}, "55": {"2": [[6, [19], 0], [6, [19], 0], [7, [1], 0], [7, [1], 0]]}, "36": {"1": [[5, [7], 0], [5, [7, 7], 0], [5, [7], 0], [5, [7, 7], 0]], "2": [[5, [7, 7], 0], [5, [7, 7], 0]]}, "59": {"1": [[547, [24], 0], [547, [24], 0]]}}, "27": {"1": {"1": [[1, [50], 0], [1, [50, 25], 0], [1, [50], 0], [11, [25], 0], [1, [50, 25], 0], [4, [27, 4], 0], [4, [27, 4], 0], [11, [25], 0]], "2": [[4, [36], 0], [4, [36, 11], 0], [4, [36], 0], [4, [36, 11], 0]], "3": [[28, [27, 18], 0], [28, [27, 18], 0], [4, [36, 11], 0], [4, [36, 11], 0]]}, "2": {"2": [[552, [238], 0], [552, [238], 0]]}, "3": {"1": [[532, [192], 0], [532, [192], 0]]}, "4": {"1": [[552, [238], 0], [552, [238], 0]]}, "5": {"1": [[5, [1], 0], [553, [16], 0], [553, [680], 0], [5, [1, 17], 0], [553, [16], 0], [553, [680], 0], [5, [1], 0], [5, [1, 17], 0]]}, "7": {"3": [[552, [236], 0], [552, [236], 0]]}, "11": {"1": [[552, [218], 0], [552, [218], 0]]}, "13": {"1": [[536, [160], 0], [5, [32], 0], [5, [32, 51], 0], [536, [160], 0], [5, [32], 0], [5, [32, 51], 0]]}, "16": {"1": [[28, [27, 18], 0], [28, [27, 18], 0]]}, "17": {"1": [[6, [5], 0], [6, [5, 13], 0], [8, [18], 0], [4, [21], 0], [6, [5], 0], [4, [21, 34], 0], [6, [5, 13], 0], [8, [18], 0], [4, [21], 0], [4, [21, 34], 0]]}, "21": {"4": [[536, [146], 0], [536, [146], 0]]}}, "28": {"2": {"3": [[3, [3], 0], [3, [3, 16], 0], [3, [3], 0], [3, [3, 16], 0]], "5": [[539, [54], 0], [539, [54], 0]]}, "3": {"2": [[536, [124], 0], [536, [124], 0]]}, "4": {"1": [[2, [29], 0], [2, [29, 38], 0], [2, [29], 0], [2, [29, 38], 0]]}, "6": {"1": [[2, [24], 0], [2, [24, 6], 0], [2, [24], 0], [2, [24, 6], 0]]}, "7": {"3": [[552, [192], 0], [552, [192], 0]]}, "15": {"1": [[560, [120], 0], [560, [120], 0]]}, "19": {"1": [[1, [18], 0], [1, [18, 7], 0], [1, [18], 0], [1, [18, 7], 0]], "3": [[1, [30], 0], [1, [30, 40], 0], [1, [30], 0], [1, [30, 40], 0]]}, "31": {"1": [[559, [174], 0], [559, [174], 0]]}}, "29": {"18": {"1": [[537, [114], 0], [537, [114], 0]], "2": [[13, [50], 0], [13, [50, 17], 0], [13, [50], 0], [13, [50, 17], 0]]}, "36": {"1": [[537, [110], 0], [537, [110], 0]]}}, "30": {"9": {"1": [[549, [6], 0], [549, [6], 0]]}, "2": {"1": [[2, [34, 32], 0], [552, [240], 0], [3, [17, 2], 0], [2, [34, 31], 0], [552, [240], 0], [3, [17, 2], 0], [2, [34, 32], 0], [2, [34, 31], 0]], "2": [[545, [154], 0], [2, [11, 4], 0], [545, [154], 0], [2, [11, 4], 0]]}, "6": {"1": [[4, [32], 0], [4, [14], 0], [27, [141], 0], [4, [32, 7], 0], [4, [14, 34], 0], [27, [141, 5], 0], [4, [32], 0], [4, [14], 0], [4, [32, 7], 0], [4, [14, 34], 0], [27, [141], 0], [27, [141, 5], 0]]}, "14": {"1": [[545, [158], 0], [545, [158], 0]]}, "7": {"1": [[545, [134], 0], [545, [134], 0]]}}, "31": {"2": {"1": [[5, [2], 0], [5, [2, 9], 0], [5, [2], 0], [5, [2, 9], 0]]}, "3": {"3": [[2, [16], 0], [5, [1], 0], [2, [17, 9], 0], [5, [1, 15], 0], [5, [1], 0], [5, [1, 15], 0], [2, [16], 0], [2, [17, 9], 0]], "4": [[2, [17, 9], 0], [5, [1, 15], 0], [5, [1, 15], 0], [2, [17, 9], 0]]}, "5": {"1": [[2, [16], 0], [2, [17, 4], 0], [2, [16], 0], [2, [17, 4], 0]]}, "6": {"1": [[1, [37], 0], [1, [37, 36], 0], [2, [6], 0], [1, [37], 0], [547, [80], 0], [2, [6, 25], 0], [1, [37, 36], 0], [2, [6], 0], [2, [6, 25], 0], [547, [80], 0]], "2": [[6, [13, 22], 0], [6, [13, 22], 0]], "3": [[4, [21], 0], [4, [21, 27], 0], [4, [21], 0], [4, [21, 27], 0]]}, "17": {"1": [[543, [120], 0], [543, [120], 0]]}, "8": {"2": [[1, [27], 0], [1, [27, 40], 0], [1, [27], 0], [1, [27, 40], 0], [1, [27, 40], 0]]}, "16": {"2": [[553, [212], 0], [553, [212], 0]]}, "49": {"1": [[1, [31], 0], [1, [31, 39], 0], [1, [31], 0], [1, [31, 39], 0]]}, "19": {"3": [[4, [19], 0], [14, [34], 0], [4, [19, 14], 0], [14, [34, 31], 0], [4, [19], 0], [4, [19, 14], 0], [14, [34], 0], [14, [34, 31], 0]]}, "21": {"1": [[3, [10], 0], [4, [20], 0], [3, [10, 16], 0], [4, [20, 10], 0], [4, [20], 0], [4, [20, 10], 0], [3, [10], 0], [3, [10, 16], 0]], "2": [[3, [10, 16], 0], [4, [20, 10], 0], [4, [20, 10], 0], [3, [10, 16], 0]]}}, "32": {"42": {"1": [[25, [5], 0], [31, [2], 0], [25, [5, 11], 0], [31, [2, 14], 0], [31, [2], 0], [31, [2, 14], 0], [25, [5], 0], [25, [5, 11], 0]]}, "12": {"1": [[547, [22], 0], [547, [22], 0]]}, "14": {"1": [[12, [29], 0], [13, [7], 0], [13, [7, 21], 0], [12, [29, 1], 0], [13, [7], 0], [13, [7, 21], 0], [12, [29], 0], [12, [29, 1], 0]]}, "17": {"1": [[12, [8], 0], [12, [8, 1], 0], [12, [5, 19], 0], [12, [8], 0], [12, [8, 1], 0], [12, [5, 19], 0]], "2": [[6, [6], 0], [6, [6, 13], 0], [5, [33], 0], [5, [340, 3], 0], [6, [6], 0], [5, [33, 20], 0], [5, [3, 18], 0], [6, [6, 13], 0], [5, [33], 0], [5, [340, 3], 0], [5, [33, 20], 0], [5, [3, 18], 0]]}, "24": {"1": [[27, [8], 0], [27, [8, 8], 0], [27, [8], 0], [27, [8, 8], 0]]}, "28": {"1": [[2, [14], 0], [2, [14, 14], 0], [2, [14], 0], [2, [14, 14], 0]]}}, "33": {"1": {"1": [[4, [12], 0], [4, [12, 16], 0], [4, [12], 0], [4, [12, 16], 0]]}, "44": {"1": [[27, [79], 0], [20, [1], 0], [27, [79, 1], 0], [20, [1, 6], 0], [27, [79], 0], [27, [79, 1], 0], [20, [1], 0], [20, [1, 6], 0]]}, "49": {"1": [[533, [110], 0], [533, [110], 0]]}, "18": {"1": [[27, [120], 0], [27, [120, 3], 0], [27, [120], 0], [27, [120, 3], 0]]}, "52": {"2": [[3, [26], 0], [3, [26, 1], 0], [3, [26], 0], [3, [26, 1], 0]]}, "54": {"2": [[552, [234], 0], [552, [234], 0]]}}, "34": {"17": {"1": [[2, [14, 14], 0], [2, [14, 14], 0]]}, "3": {"2": [[6, [13, 3], 0], [2, [13, 17], 0], [14, [20, 35], 0], [23, [2, 5], 0], [6, [13, 3], 0], [7, [11, 17], 0], [7, [11, 18], 0], [23, [2, 5], 0], [14, [20, 35], 0], [2, [13, 17], 0], [7, [11, 17], 0], [7, [11, 18], 0]]}, "7": {"4": [[14, [40, 10], 0], [14, [40, 10], 0]]}}, "35": {"32": {"2": [[6, [5], 0], [6, [5, 5], 0], [6, [5], 0], [23, [3], 0], [20, [2], 0], [6, [5, 5], 0], [23, [3, 18], 0], [20, [2, 8], 0], [23, [3], 0], [23, [3, 18], 0], [20, [2], 0], [20, [2, 8], 0]]}, "4": {"1": [[533, [42], 0], [533, [42], 0]]}, "11": {"1": [[1, [27], 0], [1, [27, 20], 0], [1, [27], 0], [1, [27, 20], 0], [1, [27, 20], 0]]}, "13": {"1": [[554, [18], 0], [554, [18], 0]]}, "14": {"1": [[15, [6], 0], [15, [6, 8], 0], [15, [6], 0], [554, [680], 0], [15, [6, 8], 0], [554, [680], 0]], "2": [[15, [6, 8], 0], [15, [6, 8], 0]]}, "17": {"2": [[2, [21], 0], [2, [21, 18], 0], [2, [21], 0], [2, [21, 18], 0]]}, "18": {"1": [[2, [21], 0], [2, [21], 0]]}, "23": {"3": [[554, [22], 0], [554, [22], 0]]}, "25": {"2": [[554, [24], 0], [554, [24], 0]]}, "27": {"1": [[554, [14], 0], [554, [14], 0]]}, "31": {"1": [[544, [74], 0], [544, [74], 0]]}}, "36": {"11": {"1": [[552, [240], 0], [552, [240], 0]]}}}