{"4": {"22": {"1": [[4, [34], 0], [4, [34], 0]]}}, "8": {"23": {"1": [[548, [82], 0], [548, [76], 0], [534, [118], 0], [534, [118], 0], [548, [82], 0], [548, [76], 0]]}}, "10": {"37": {"1": [[544, [62], 0], [544, [62], 0]]}}, "12": {"16": {"1": [[533, [188], 0], [533, [188], 0]]}}, "16": {"40": {"1": [[533, [196], 0], [533, [196], 0]]}, "7": {"1": [[533, [186], 0], [533, [156], 0], [533, [186], 0], [533, [156], 0]]}}, "18": {"11": {"1": [[531, [56], 0], [531, [56], 0]]}}, "20": {"40": {"1": [[560, [264], 0], [560, [264], 0]]}, "51": {"1": [[1, [15], 0], [1, [15], 0]]}}, "22": {"59": {"1": [[564, [26], 0], [564, [26], 0]]}, "12": {"1": [[543, [126], 0], [543, [126], 0]]}}, "24": {"5": {"1": [[536, [76], 0], [536, [76], 0]]}, "22": {"1": [[2, [8], 0], [2, [8], 0]]}, "53": {"1": [[543, [192], 0], [543, [192], 0]]}}, "26": {"8": {"1": [[544, [122], 0], [544, [122], 0]]}}, "28": {"9": {"1": [[533, [176], 0], [560, [164], 0], [533, [176], 0], [560, [164], 0]]}, "35": {"1": [[341, [3, 2], 0], [341, [3, 2], 0]]}}, "30": {"17": {"1": [[534, [96], 0], [534, [96], 0]]}}, "32": {"1": {"1": [[560, [236], 0], [561, [76], 0], [561, [76], 0], [560, [236], 0]]}}, "34": {"2": {"1": [[546, [84], 0], [546, [84], 0]]}}, "38": {"10": {"1": [[551, [116], 0], [551, [116], 0]]}}, "40": {"12": {"1": [[536, [92], 0], [3, [23], 0], [553, [70], 0], [553, [70], 0], [3, [23], 0], [536, [92], 0]]}, "46": {"1": [[531, [62], 0], [531, [62], 0]]}}, "42": {"43": {"1": [[567, [168], 0], [567, [168], 0]]}, "55": {"1": [[537, [170], 0], [12, [12], 0], [2, [28], 0], [2, [28], 0], [12, [12], 0], [537, [170], 0]]}}, "44": {"33": {"1": [[537, [92], 0], [537, [92], 0]]}}, "46": {"31": {"1": [[534, [78], 0], [567, [40], 0], [534, [78], 0], [567, [40], 0]]}}, "48": {"12": {"1": [[552, [186], 0], [552, [186], 0]]}}, "50": {"2": {"1": [[534, [48], 0], [534, [54], 0], [3, [22], 0], [543, [148], 0], [543, [86], 0], [543, [148], 0], [543, [86], 0], [534, [48], 0], [534, [54], 0], [3, [22], 0]]}, "20": {"1": [[559, [80], 0], [559, [80], 0]]}, "10": {"1": [[536, [78], 0], [536, [78], 0]]}, "23": {"1": [[534, [32], 0], [534, [32], 0]], "2": [[543, [110], 0], [543, [110], 0]]}}, "52": {"16": {"1": [[533, [40], 0], [543, [174], 0], [543, [174], 0], [533, [40], 0]]}, "40": {"1": [[552, [146], 0], [552, [146], 0]]}}, "54": {"20": {"2": [[560, [124], 0], [560, [124], 0]], "3": [[29, [31], 0], [560, [274], 0], [560, [274], 0], [29, [31], 0]]}, "5": {"1": [[559, [78], 0], [559, [78], 0]]}, "30": {"1": [[531, [80], 0], [531, [80], 0]]}}, "58": {"27": {"1": [[534, [40], 0], [534, [40], 0]]}}, "68": {"40": {"2": [[551, [166], 0], [533, [166], 0], [533, [166], 0], [551, [166], 0]]}, "36": {"1": [[533, [92], 0], [533, [92], 0]]}}, "70": {"16": {"1": [[553, [136], 0], [553, [136], 0]]}, "1": {"1": [[37, [4], 0], [37, [4], 0]]}}, "72": {"3": {"1": [[551, [206], 0], [551, [206], 0]]}, "4": {"2": [[553, [168], 0], [553, [168], 0]]}, "6": {"1": [[533, [204], 0], [533, [204], 0]]}, "15": {"1": [[560, [100], 0], [560, [100], 0]]}}, "78": {"11": {"1": [[533, [136], 0], [538, [24], 0], [538, [24], 0], [533, [136], 0]]}}, "82": {"1": {"1": [[536, [68], 0], [536, [68], 0]]}, "6": {"1": [[564, [40], 0], [536, [68], 0], [3, [14], 0], [12, [27], 0], [564, [40], 0], [3, [14], 0], [12, [27], 0], [536, [68], 0]]}, "41": {"1": [[31, [50], 0], [31, [50], 0]]}}, "84": {"1": {"1": [[534, [152], 0], [534, [152], 0]]}, "5": {"1": [[558, [182], 0], [558, [182], 0]]}}, "86": {"25": {"1": [[533, [204], 0], [538, [64], 0], [538, [64], 0], [533, [204], 0]]}, "36": {"1": [[538, [72], 0], [538, [72], 0]]}, "13": {"1": [[548, [108], 0], [538, [72], 0], [548, [108], 0], [538, [72], 0]]}, "46": {"1": [[551, [204], 0], [552, [210], 0], [552, [210], 0], [551, [204], 0]]}}, "88": {"5": {"1": [[538, [52], 0], [538, [52], 0]]}, "7": {"2": [[552, [40], 0], [552, [38], 0], [560, [250], 0], [2, [30], 0], [2, [30], 0], [552, [40], 0], [552, [38], 0], [560, [250], 0]]}}, "90": {"48": {"1": [[537, [92], 0], [537, [92], 0]]}}, "92": {"11": {"1": [[538, [50], 0], [538, [50], 0]]}, "28": {"1": [[561, [72], 0], [561, [72], 0]]}}, "98": {"40": {"1": [[533, [178], 0], [533, [178], 0]]}}, "100": {"66": {"1": [[533, [38], 0], [533, [38], 0]]}, "68": {"1": [[285, [1, 5], 0], [285, [1, 5], 0]], "2": [[533, [154], 0], [533, [154], 0]]}}, "102": {"19": {"1": [[21, [3], 0], [21, [3], 0]]}, "46": {"1": [[536, [114], 0], [531, [94], 0], [536, [114], 0], [531, [94], 0]]}}, "104": {"40": {"1": [[550, [110], 0], [550, [110], 0]]}}, "106": {"93": {"1": [[29, [34], 0], [29, [34], 0]]}, "7": {"1": [[560, [108], 0], [560, [108], 0]]}}, "108": {"48": {"1": [[3, [11], 0], [3, [11], 0]]}}, "110": {"17": {"1": [[538, [60], 0], [538, [60], 0]]}, "59": {"1": [[8, [2], 0], [8, [2], 0]]}, "14": {"1": [[33, [7], 0], [33, [7], 0]]}}, "112": {"24": {"1": [[551, [118], 0], [548, [146], 0], [548, [146], 0], [551, [118], 0]]}}, "116": {"31": {"1": [[560, [276], 0], [560, [276], 0]]}}, "120": {"61": {"1": [[560, [264], 0], [543, [128], 0], [544, [120], 0], [543, [128], 0], [544, [120], 0], [560, [264], 0]]}, "7": {"1": [[538, [74], 0], [538, [74], 0]]}}, "130": {"1": {"1": [[543, [152], 0], [543, [152], 0]]}}, "132": {"41": {"1": [[531, [80], 0], [531, [80], 0]]}}, "136": {"24": {"1": [[543, [94], 0], [543, [94], 0]]}, "15": {"1": [[552, [56], 0], [552, [56], 0]]}}, "138": {"27": {"1": [[2, [23], 0], [2, [23], 0]]}}, "140": {"30": {"1": [[543, [72], 0], [543, [72], 0]]}}, "144": {"1": {"1": [[564, [18], 0], [564, [38], 0], [564, [18], 0], [564, [38], 0]]}, "17": {"1": [[545, [70], 0], [545, [70], 0]]}}, "146": {"1": {"1": [[553, [68], 0], [553, [68], 0]]}, "18": {"1": [[553, [52], 0], [553, [52], 0]]}, "38": {"2": [[551, [178], 0], [533, [54], 0], [533, [54], 0], [551, [178], 0]]}}, "150": {"34": {"1": [[564, [38], 0], [564, [38], 0]]}, "37": {"1": [[553, [168], 0], [553, [168], 0]]}}, "152": {"26": {"1": [[534, [218], 0], [546, [76], 0], [534, [218], 0], [546, [76], 0]], "2": [[560, [204], 0], [553, [140], 0], [531, [100], 0], [531, [102], 0], [553, [140], 0], [560, [204], 0], [531, [100], 0], [531, [102], 0]]}, "27": {"1": [[550, [38], 0], [550, [38], 0]]}}, "154": {"6": {"1": [[551, [120], 0], [533, [108], 0], [553, [74], 0], [533, [108], 0], [551, [120], 0], [553, [74], 0]]}, "23": {"1": [[560, [144], 0], [567, [110], 0], [560, [144], 0], [567, [110], 0]]}}, "156": {"21": {"2": [[534, [60], 0], [534, [60], 0]]}}, "158": {"3": {"1": [[559, [76], 0], [559, [76], 0]]}, "11": {"1": [[551, [74], 0], [551, [74], 0]]}}, "160": {"6": {"1": [[533, [194], 0], [533, [194], 0]]}, "7": {"1": [[544, [118], 0], [544, [118], 0]]}}, "162": {"9": {"1": [[538, [66], 0], [538, [66], 0]]}}, "164": {"14": {"1": [[553, [94], 0], [553, [94], 0]]}}, "166": {"40": {"1": [[561, [76], 0], [561, [76], 0]]}}, "168": {"1": {"1": [[28, [30], 0], [28, [30], 0]]}, "2": {"2": [[548, [122], 0], [560, [252], 0], [548, [122], 0], [560, [252], 0]]}, "3": {"1": [[550, [50], 0], [550, [50], 0]]}, "15": {"2": [[560, [230], 0], [560, [230], 0]]}, "26": {"1": [[560, [258], 0], [560, [258], 0]]}, "28": {"1": [[1, [42], 0], [4, [31], 0], [1, [42], 0], [4, [31], 0]]}}, "170": {"10": {"1": [[1, [36], 0], [1, [36], 0]]}}, "172": {"10": {"1": [[35, [10], 0], [35, [10], 0]]}, "18": {"1": [[567, [108], 0], [567, [108], 0]]}, "5": {"1": [[531, [44], 0], [531, [44], 0]]}}, "174": {"5": {"1": [[553, [112], 0], [553, [112], 0]]}}, "176": {"19": {"1": [[29, [14], 0], [29, [14], 0]]}, "20": {"1": [[6, [24], 0], [547, [74], 0], [6, [24], 0], [547, [74], 0]]}}, "178": {"81": {"1": [[27, [29], 0], [5, [2], 0], [5, [2], 0], [27, [29], 0], [550, [76], 0], [550, [76], 0]]}, "67": {"1": [[551, [222], 0], [551, [222], 0]], "2": [[558, [156], 0], [565, [116], 0], [558, [156], 0], [565, [116], 0]]}}, "180": {"31": {"1": [[560, [132], 0], [560, [132], 0]]}}, "182": {"41": {"1": [[534, [66], 0], [534, [90], 0], [560, [164], 0], [534, [66], 0], [534, [90], 0], [560, [164], 0]]}}, "184": {"59": {"1": [[10, [4], 0], [550, [80], 0], [10, [4], 0], [550, [80], 0]]}, "27": {"2": [[562, [38], 0], [14, [13], 0], [14, [13], 0], [562, [38], 0]]}, "44": {"1": [[533, [96], 0], [536, [62], 0], [552, [200], 0], [552, [200], 0], [533, [96], 0], [536, [62], 0]]}}, "186": {"3": {"1": [[536, [116], 0], [536, [116], 0]]}}, "188": {"77": {"1": [[546, [84], 0], [546, [84], 0]]}}, "190": {"10": {"1": [[536, [68], 0], [536, [68], 0]]}, "20": {"1": [[560, [108], 0], [560, [108], 0]]}}, "192": {"18": {"1": [[560, [110], 0], [560, [110], 0], [550, [210], 0], [550, [680], 0], [550, [210], 0], [550, [680], 0]]}}, "198": {"1": {"1": [[533, [44], 0], [533, [44], 0]]}, "31": {"1": [[533, [156], 0], [533, [156], 0]]}}, "200": {"18": {"1": [[533, [156], 0], [533, [156], 0]]}, "43": {"1": [[533, [86], 0], [533, [86], 0]]}, "54": {"1": [[533, [176], 0], [533, [176], 0]]}}, "202": {"1": {"1": [[533, [174], 0], [533, [174], 0]]}, "30": {"1": [[547, [76], 0], [550, [178], 0], [547, [76], 0], [550, [178], 0]]}, "23": {"1": [[533, [186], 0], [533, [680], 0], [533, [186], 0], [533, [680], 0]]}}, "204": {"32": {"1": [[533, [70], 0], [533, [70], 0]]}, "53": {"1": [[564, [28], 0], [564, [28], 0]]}}, "206": {"64": {"1": [[537, [94], 0], [537, [94], 0]]}, "33": {"1": [[558, [182], 0], [537, [66], 0], [553, [168], 0], [558, [182], 0], [537, [66], 0], [553, [168], 0]]}}, "210": {"15": {"1": [[551, [66], 0], [551, [66], 0]]}}, "212": {"33": {"1": [[538, [48], 0], [538, [48], 0]]}}, "218": {"54": {"1": [[10, [4], 0], [550, [100], 0], [10, [4], 0], [550, [100], 0]]}}, "220": {"40": {"1": [[561, [68], 0], [561, [68], 0]]}}, "222": {"49": {"1": [[538, [60], 0], [538, [60], 0]]}, "6": {"1": [[561, [78], 0], [561, [78], 0]]}}, "224": {"5": {"2": [[560, [144], 0], [560, [144], 0]]}, "23": {"1": [[331, [18, 6], 0], [331, [18, 6], 0]]}}, "228": {"36": {"1": [[552, [44], 0], [552, [44], 0]]}}, "230": {"15": {"1": [[548, [120], 0], [548, [120], 0]]}}, "234": {"16": {"2": [[534, [130], 0], [534, [130], 0]]}}, "236": {"24": {"1": [[533, [164], 0], [533, [164], 0]]}, "5": {"1": [[536, [140], 0], [536, [140], 0]]}, "95": {"1": [[552, [328], 0], [552, [328], 0]]}}, "238": {"43": {"1": [[533, [106], 0], [533, [106], 0]]}}, "240": {"70": {"1": [[558, [188], 0], [558, [188], 0]]}}, "242": {"30": {"1": [[543, [228], 0], [543, [228], 0]]}}, "250": {"49": {"1": [[533, [188], 0], [538, [70], 0], [533, [188], 0], [538, [70], 0]]}}, "252": {"14": {"1": [[537, [56], 0], [537, [56], 0]]}}, "254": {"28": {"1": [[538, [58], 0], [538, [58], 0]]}, "84": {"1": [[534, [70], 0], [531, [94], 0], [534, [70], 0], [531, [94], 0]]}}, "256": {"11": {"1": [[551, [94], 0], [551, [94], 0]]}, "14": {"1": [[533, [130], 0], [3, [27], 0], [531, [110], 0], [544, [92], 0], [544, [92], 0], [531, [110], 0], [3, [27], 0], [533, [130], 0]]}}, "258": {"20": {"1": [[533, [136], 0], [533, [136], 0]]}}, "262": {"36": {"1": [[559, [86], 0], [559, [86], 0]]}, "21": {"1": [[559, [54], 0], [559, [54], 0]]}}, "264": {"32": {"1": [[559, [72], 0], [559, [72], 0]]}, "36": {"1": [[543, [144], 0], [543, [144], 0]]}}, "266": {"63": {"1": [[559, [192], 0], [559, [192], 0]]}}, "270": {"21": {"1": [[543, [160], 0], [543, [160], 0]]}}, "272": {"1": {"1": [[543, [160], 0], [543, [160], 0]], "2": [[543, [72], 0], [543, [72], 0]]}}, "274": {"21": {"1": [[13, [11], 0], [12, [22], 0], [12, [22], 0], [13, [11], 0]]}, "31": {"1": [[1, [17], 0], [1, [17], 0]]}}, "276": {"40": {"1": [[560, [106], 0], [560, [106], 0]]}, "31": {"1": [[36, [1], 0], [36, [1], 0]]}}, "282": {"18": {"1": [[543, [204], 0], [543, [204], 0]]}}, "284": {"44": {"1": [[560, [198], 0], [560, [198], 0]]}}, "292": {"11": {"1": [[533, [68], 0], [533, [68], 0]]}, "28": {"1": [[538, [62], 0], [538, [62], 0]]}}, "294": {"2": {"1": [[534, [102], 0], [534, [102], 0]]}}, "296": {"18": {"1": [[551, [150], 0], [551, [150], 0]]}, "6": {"1": [[533, [208], 0], [533, [208], 0]]}}, "298": {"13": {"1": [[15, [4], 0], [15, [4], 0]]}}, "300": {"17": {"1": [[533, [76], 0], [533, [76], 0]]}, "28": {"1": [[11, [2], 0], [11, [2], 0]]}}, "306": {"1": {"1": [[552, [116], 0], [552, [116], 0]]}}, "308": {"9": {"1": [[543, [90], 0], [543, [90], 0]]}, "19": {"1": [[533, [34], 0], [533, [34], 0]]}}, "310": {"7": {"1": [[551, [44], 0], [551, [44], 0]]}}}