{"1": {"1": {"1": [[369, [1, 1, 2], 0], [369, [1, 1, 2], 0]], "2": [[369, [1, 1, 2], 0], [369, [1, 1, 2], 0]], "4": [[369, [1, 1, 6], 0], [369, [1, 1, 6], 0]], "5": [[369, [1, 1, 6], 0], [369, [1, 1, 6], 0]], "6": [[369, [1, 1, 6], 0], [369, [1, 1, 6], 0]], "7": [[369, [1, 1, 7], 0], [369, [1, 1, 7], 0]]}, "3": {"1": [[369, [1, 3, 3], 0], [369, [1, 3, 3], 0]]}, "4": {"1": [[369, [1, 4, 1], 0], [369, [1, 4, 1], 0]]}, "5": {"1": [[369, [1, 5, 2], 0], [8, [205], 0], [369, [1, 5, 2], 0], [8, [205], 0]]}, "6": {"1": [[369, [1, 6, 3], 0], [369, [1, 6, 3], 0]]}, "7": {"1": [[369, [1, 7, 1], 0], [369, [1, 7, 1], 0]], "2": [[369, [1, 7, 1], 0], [369, [1, 7, 1], 0]]}}, "2": {"1": {"2": [[369, [2, 1, 2], 0], [369, [2, 1, 2], 0]], "3": [[369, [2, 1, 2], 0], [369, [2, 1, 2], 0]], "4": [[369, [2, 1, 5], 0], [369, [2, 1, 5], 0]], "5": [[369, [2, 1, 5], 0], [369, [2, 1, 5], 0]], "6": [[369, [2, 1, 5], 0], [369, [2, 1, 5], 0]]}, "3": {"1": [[369, [2, 3, 1], 0], [369, [2, 3, 1], 0]], "4": [[369, [2, 3, 4], 0], [369, [2, 3, 4], 0]]}, "4": {"1": [[369, [2, 4, 3], 0], [369, [2, 4, 3], 0]], "2": [[369, [2, 4, 4], 0], [369, [2, 4, 4], 0]]}, "5": {"1": [[369, [2, 5, 4], 0], [369, [2, 5, 4], 0]]}, "6": {"2": [[369, [2, 6, 3], 0], [369, [2, 6, 3], 0]]}, "7": {"1": [[369, [2, 7, 4], 0], [369, [2, 7, 4], 0]]}, "8": {"1": [[369, [2, 8, 1], 0], [369, [2, 8, 1], 0]], "2": [[369, [2, 8, 4], 0], [369, [2, 8, 4], 0]]}}, "3": {"8": {"1": [[369, [3, 8, 2], 0], [369, [3, 8, 2], 0]], "2": [[369, [3, 8, 4], 0], [369, [3, 8, 4], 0]]}, "1": {"1": [[369, [3, 1, 1], 0], [369, [3, 1, 1], 0]], "2": [[369, [3, 1, 1], 0], [369, [3, 1, 1], 0]], "3": [[369, [3, 1, 4], 0], [369, [3, 1, 4], 0]], "4": [[369, [3, 1, 5], 0], [369, [3, 1, 5], 0]], "7": [[369, [3, 1, 12], 0], [369, [3, 1, 12], 0]]}, "2": {"1": [[369, [3, 2, 4], 0], [369, [3, 2, 4], 0]], "2": [[369, [3, 2, 5], 0], [369, [3, 2, 5], 0]]}, "3": {"1": [[369, [3, 3, 1], 0], [369, [3, 3, 1], 0]], "2": [[369, [3, 3, 3], 0], [369, [3, 3, 3], 0]], "4": [[369, [3, 3, 3], 0], [369, [3, 3, 3], 0]]}, "7": {"1": [[369, [3, 7, 5], 0], [369, [3, 7, 5], 0]]}}, "4": {"1": {"2": [[369, [4, 1, 2], 0], [369, [4, 1, 2], 0]], "3": [[369, [4, 1, 2], 0], [369, [4, 1, 2], 0]]}, "2": {"2": [[369, [4, 2, 2], 0], [369, [4, 2, 2], 0]]}, "3": {"1": [[369, [4, 3, 2], 0], [369, [4, 3, 2], 0]], "2": [[369, [4, 3, 2], 0], [369, [4, 3, 2], 0]], "3": [[369, [4, 3, 4], 0], [369, [4, 3, 4], 0]], "4": [[369, [4, 3, 5], 0], [369, [4, 3, 5], 0]]}, "4": {"1": [[369, [4, 4, 1], 0], [369, [4, 4, 1], 0]]}, "5": {"1": [[369, [4, 5, 2], 0], [369, [4, 5, 2], 0]], "2": [[369, [4, 5, 6], 0], [369, [4, 5, 6], 0]]}, "7": {"2": [[369, [4, 7, 2], 0], [369, [4, 7, 2], 0]]}, "8": {"1": [[369, [4, 8, 4], 0], [369, [4, 8, 4], 0]], "4": [[369, [4, 8, 9], 0], [369, [4, 8, 9], 0]]}, "9": {"2": [[369, [4, 9, 3], 0], [369, [4, 9, 3], 0]], "3": [[369, [4, 9, 3], 0], [369, [4, 9, 3], 0]]}}, "5": {"1": {"1": [[369, [5, 1, 1], 0], [369, [5, 1, 1], 0]], "2": [[369, [5, 1, 1], 0], [369, [5, 1, 1], 0]], "3": [[369, [5, 1, 2], 0], [369, [5, 1, 2], 0]]}, "2": {"1": [[369, [5, 2, 1], 0], [369, [5, 2, 1], 0]], "2": [[369, [5, 2, 3], 0], [369, [5, 2, 3], 0]]}, "4": {"1": [[369, [5, 4, 1], 0], [369, [5, 4, 1], 0]], "2": [[369, [5, 4, 1], 0], [369, [5, 4, 1], 0]], "3": [[369, [5, 4, 2], 0], [369, [5, 4, 2], 0]], "4": [[369, [5, 4, 3], 0], [369, [5, 4, 3], 0]], "5": [[369, [5, 4, 3], 0], [369, [5, 4, 3], 0]], "7": [[369, [5, 4, 11], 0], [369, [5, 4, 11], 0]], "8": [[369, [5, 4, 11], 0], [369, [5, 4, 11], 0]]}, "5": {"1": [[369, [5, 5, 3], 0], [369, [5, 5, 3], 0]]}, "6": {"1": [[369, [5, 6, 2], 0], [369, [5, 6, 2], 0]]}, "8": {"3": [[369, [5, 8, 2], 0], [369, [5, 8, 2], 0]]}, "9": {"2": [[369, [5, 9, 4], 0], [369, [5, 9, 4], 0]]}, "10": {"1": [[369, [5, 10, 1], 0], [369, [5, 10, 1], 0]], "2": [[369, [5, 10, 1], 0], [369, [5, 10, 1], 0]]}}, "6": {"1": {"3": [[369, [6, 1, 5], 0], [369, [6, 1, 5], 0]], "4": [[369, [6, 1, 5], 0], [369, [6, 1, 5], 0]], "5": [[369, [6, 1, 6], 0], [369, [6, 1, 6], 0]]}, "2": {"2": [[369, [6, 2, 5], 0], [369, [6, 2, 5], 0]], "3": [[369, [6, 2, 8], 0], [369, [6, 2, 8], 0]]}, "3": {"1": [[369, [6, 3, 2], 0], [369, [6, 3, 2], 0]], "2": [[369, [6, 3, 3], 0], [369, [6, 3, 3], 0]]}}, "7": {"1": {"1": [[369, [7, 1, 1], 0], [369, [7, 1, 1], 0]], "3": [[369, [7, 1, 3], 0], [369, [7, 1, 3], 0]]}, "2": {"1": [[369, [7, 2, 1], 0], [369, [7, 2, 1], 0]], "2": [[369, [7, 2, 3], 0], [369, [7, 2, 3], 0]], "3": [[369, [7, 2, 5], 0], [369, [7, 2, 5], 0]]}, "3": {"3": [[369, [7, 3, 4], 0], [369, [7, 3, 4], 0]]}, "4": {"1": [[369, [7, 4, 1], 0], [369, [7, 4, 1], 0]], "2": [[369, [7, 4, 1], 0], [369, [7, 4, 1], 0]], "3": [[369, [7, 4, 3], 0], [369, [7, 4, 3], 0]], "4": [[369, [7, 4, 3], 0], [369, [7, 4, 3], 0]]}, "5": {"1": [[369, [7, 5, 1], 0], [369, [7, 5, 1], 0]]}, "6": {"1": [[369, [7, 6, 1], 0], [369, [7, 6, 1], 0]]}, "7": {"1": [[369, [7, 7, 1], 0], [369, [7, 7, 1], 0]], "2": [[369, [7, 7, 10], 0], [369, [7, 7, 10], 0]]}, "8": {"2": [[369, [7, 8, 2], 0], [369, [7, 8, 2], 0]]}, "9": {"1": [[369, [7, 9, 1], 0], [369, [7, 9, 1], 0]]}, "10": {"1": [[369, [7, 10, 4], 0], [369, [7, 10, 4], 0]]}, "11": {"1": [[369, [7, 11, 2], 0], [369, [7, 11, 2], 0]]}, "12": {"3": [[369, [7, 12, 4], 0], [369, [7, 12, 4], 0]], "5": [[369, [7, 12, 9], 0], [369, [7, 12, 9], 0]]}, "13": {"1": [[369, [7, 13, 2], 0], [369, [7, 13, 2], 0]], "2": [[369, [7, 13, 6], 0], [369, [7, 13, 6], 0]]}}, "8": {"1": {"5": [[369, [8, 1, 6], 0], [369, [8, 1, 6], 0]]}, "2": {"1": [[369, [8, 2, 2], 0], [369, [8, 2, 2], 0]], "2": [[369, [8, 2, 3], 0], [369, [8, 2, 3], 0]], "3": [[369, [8, 2, 3], 0], [369, [8, 2, 3], 0]]}, "3": {"1": [[369, [8, 3, 1], 0], [369, [8, 3, 1], 0]], "2": [[369, [8, 3, 2], 0], [369, [8, 3, 2], 0]]}, "5": {"1": [[369, [8, 5, 4], 0], [369, [8, 5, 4], 0]]}, "6": {"1": [[369, [8, 6, 1], 0], [369, [8, 6, 1], 0]], "3": [[369, [8, 6, 4], 0], [369, [8, 6, 4], 0]], "5": [[369, [8, 6, 6], 0], [369, [8, 6, 6], 0]]}, "7": {"1": [[369, [8, 7, 1], 0], [369, [8, 7, 1], 0]], "3": [[369, [8, 7, 3], 0], [369, [8, 7, 3], 0]], "4": [[369, [8, 7, 3], 0], [369, [8, 7, 3], 0]]}, "8": {"1": [[369, [8, 8, 1], 0], [369, [8, 8, 1], 0]], "2": [[369, [8, 8, 2], 0], [369, [8, 8, 2], 0]], "4": [[369, [8, 8, 4], 0], [369, [8, 8, 4], 0]], "5": [[369, [8, 8, 4], 0], [369, [8, 8, 4], 0]], "6": [[369, [8, 8, 4], 0], [369, [8, 8, 4], 0]]}}, "9": {"1": {"2": [[369, [9, 1, 1], 0], [369, [9, 1, 1], 0]]}, "2": {"1": [[369, [9, 2, 1], 0], [369, [9, 2, 1], 0]], "2": [[369, [9, 2, 2], 0], [369, [9, 2, 2], 0]]}, "3": {"2": [[369, [9, 3, 1], 0], [369, [9, 3, 1], 0]]}, "4": {"1": [[369, [9, 4, 1], 0], [369, [9, 4, 1], 0]]}, "6": {"1": [[369, [9, 6, 2], 0], [369, [9, 6, 2], 0]], "2": [[369, [9, 6, 5], 0], [369, [9, 6, 5], 0]], "3": [[369, [9, 6, 9], 0], [369, [9, 6, 9], 0]]}, "7": {"3": [[369, [9, 7, 2], 0], [369, [9, 7, 2], 0]]}, "8": {"1": [[369, [9, 8, 2], 0], [369, [9, 8, 2], 0]], "2": [[369, [9, 8, 3], 0], [369, [9, 8, 3], 0]], "3": [[369, [9, 8, 4], 0], [369, [9, 8, 4], 0]]}, "10": {"2": [[369, [9, 10, 5], 0], [369, [9, 10, 5], 0]], "3": [[369, [9, 10, 6], 0], [369, [9, 10, 6], 0]]}, "11": {"1": [[369, [9, 11, 1], 0], [369, [9, 11, 1], 0]]}}, "10": {"1": {"1": [[369, [10, 1, 1], 0], [369, [10, 1, 1], 0]]}, "3": {"1": [[369, [10, 3, 2], 0], [369, [10, 3, 2], 0]], "2": [[369, [10, 3, 4], 0], [369, [10, 3, 4], 0]], "3": [[369, [10, 3, 4], 0], [369, [10, 3, 4], 0]], "5": [[369, [10, 3, 6], 0], [369, [10, 3, 6], 0]]}, "4": {"1": [[369, [10, 4, 1], 0], [369, [10, 4, 1], 0]]}, "7": {"1": [[369, [10, 7, 1], 0], [369, [10, 7, 1], 0]], "2": [[369, [10, 7, 1], 0], [369, [10, 7, 1], 0]], "4": [[369, [10, 7, 2], 0], [369, [10, 7, 2], 0]]}, "8": {"1": [[369, [10, 8, 1], 0], [369, [10, 8, 1], 0]], "3": [[369, [10, 8, 3], 0], [369, [10, 8, 3], 0]]}, "9": {"1": [[369, [10, 9, 1], 0], [369, [10, 9, 1], 0]]}}}