{"11": {"45": {"0": [["782", "11:8"]]}, "54": {"0": [["782", "11:9"]]}, "42": {"0": [["782", "11:7"]]}, "43": {"0": [["782", "11:8"]]}, "60": {"0": [["782", "11:9"]]}, "61": {"0": [["782", "11:9"]]}, "62": {"1": [["977", "11:7"]], "0": [["782", "11:9"]]}, "49": {"0": [["782", "11:8"]]}, "52": {"1": [["977", "11:5"]], "0": [["782", "11:9"]]}, "53": {"1": [["977", "11:6"]], "0": [["782", "11:9"]]}, "24": {"0": [["782", "11:5"]]}, "25": {"1": [["977", "11:2"]], "0": [["977", "11:3"], ["782", "11:5"]]}, "26": {"0": [["782", "11:6"]]}, "27": {"0": [["782", "11:6"]]}, "20": {"0": [["782", "11:4"]]}, "21": {"0": [["782", "11:4"]]}, "22": {"0": [["782", "11:4"]]}, "23": {"0": [["782", "11:5"]]}, "46": {"0": [["782", "11:8"]]}, "47": {"0": [["782", "11:8"]]}, "44": {"0": [["782", "11:8"]]}, "48": {"0": [["782", "11:8"]]}, "28": {"0": [["782", "11:6"]]}, "29": {"0": [["782", "11:7"]]}, "40": {"0": [["782", "11:7"]]}, "41": {"0": [["782", "11:7"]]}, "1": {"0": [["782", "11:1"]]}, "3": {"0": [["782", "11:1"]]}, "2": {"0": [["782", "11:1"]]}, "5": {"1": [["977", "11:1"]], "0": [["782", "11:1"]]}, "4": {"0": [["782", "11:1"]]}, "7": {"0": [["782", "11:2"]]}, "6": {"0": [["782", "11:2"]]}, "9": {"0": [["782", "11:2"]]}, "8": {"0": [["782", "11:2"]]}, "51": {"0": [["782", "11:8"]]}, "56": {"0": [["782", "11:9"]]}, "39": {"0": [["782", "11:7"]]}, "38": {"0": [["782", "11:7"]]}, "59": {"0": [["782", "11:9"]]}, "58": {"0": [["782", "11:9"]]}, "11": {"0": [["782", "11:3"]]}, "10": {"0": [["782", "11:3"]]}, "13": {"1": [["977", "11:2"]], "0": [["782", "11:3"]]}, "12": {"0": [["782", "11:3"]]}, "15": {"0": [["782", "11:3"]]}, "14": {"0": [["782", "11:3"]]}, "17": {"0": [["782", "11:3"]]}, "16": {"0": [["782", "11:3"]]}, "19": {"0": [["782", "11:3"]]}, "18": {"0": [["782", "11:3"]]}, "31": {"0": [["782", "11:7"]]}, "30": {"0": [["782", "11:7"]]}, "37": {"0": [["782", "11:7"]]}, "36": {"0": [["782", "11:7"]]}, "35": {"0": [["782", "11:7"]]}, "34": {"0": [["782", "11:7"]]}, "33": {"0": [["782", "11:7"]]}, "55": {"0": [["782", "11:9"]]}, "32": {"0": [["782", "11:7"]]}, "57": {"0": [["782", "11:9"]]}, "50": {"1": [["977", "11:4"]], "0": [["782", "11:8"]]}}, "10": {"54": {"0": [["782", "10:7"]]}, "42": {"0": [["782", "10:6"]]}, "48": {"0": [["782", "10:7"]]}, "43": {"0": [["782", "10:6"]]}, "53": {"0": [["782", "10:7"]]}, "52": {"0": [["782", "10:7"]]}, "24": {"0": [["782", "10:3"]]}, "25": {"1": [["977", "10:2"]], "0": [["782", "10:3"]]}, "26": {"0": [["782", "10:4"]]}, "27": {"0": [["782", "10:4"]]}, "20": {"0": [["782", "10:3"]]}, "21": {"0": [["782", "10:3"]]}, "22": {"0": [["782", "10:3"]]}, "23": {"0": [["782", "10:3"]]}, "46": {"0": [["782", "10:7"]]}, "47": {"0": [["782", "10:7"]]}, "44": {"0": [["782", "10:6"]]}, "45": {"0": [["782", "10:7"]]}, "28": {"1": [["977", "10:2"]], "0": [["977", "10:3"], ["782", "10:4"]]}, "29": {"1": [["977", "10:4"]], "0": [["782", "10:4"]]}, "40": {"1": [["977", "10:7"]], "0": [["782", "10:6"]]}, "41": {"0": [["782", "10:6"]]}, "1": {"0": [["782", "10:1"]]}, "3": {"0": [["782", "10:1"], ["782", "10:4"]]}, "2": {"0": [["782", "10:1"]]}, "5": {"0": [["782", "10:1"]]}, "4": {"0": [["782", "10:1"], ["782", "10:4"]]}, "7": {"0": [["782", "10:1"]]}, "6": {"0": [["782", "10:1"]]}, "9": {"0": [["782", "10:1"]]}, "8": {"0": [["782", "10:1"]]}, "51": {"0": [["782", "10:7"]]}, "49": {"0": [["782", "10:7"]]}, "39": {"0": [["782", "10:6"]]}, "38": {"0": [["782", "10:6"]]}, "11": {"1": [["977", "10:1"]], "0": [["782", "10:2"]]}, "10": {"0": [["782", "10:1"]]}, "13": {"0": [["782", "10:2"]]}, "12": {"0": [["782", "10:2"]]}, "15": {"0": [["782", "10:2"]]}, "14": {"0": [["782", "10:2"]]}, "17": {"0": [["782", "10:2"]]}, "16": {"0": [["782", "10:2"]]}, "19": {"0": [["782", "10:2"]]}, "18": {"0": [["782", "10:2"]]}, "31": {"0": [["782", "10:4"]]}, "30": {"0": [["782", "10:4"]]}, "37": {"0": [["782", "10:5"]]}, "36": {"0": [["782", "10:5"]]}, "35": {"0": [["782", "10:5"]]}, "34": {"0": [["782", "10:5"]]}, "33": {"1": [["977", "10:6"]], "0": [["782", "10:5"]]}, "55": {"0": [["782", "10:7"]]}, "32": {"1": [["977", "10:5"]], "0": [["782", "10:4"]]}, "50": {"1": [["977", "10:8"]], "0": [["782", "10:7"]]}}, "13": {"45": {"1": [["977", "13:10"]], "0": [["782", "13:6"]]}, "54": {"0": [["782", "13:6"]]}, "42": {"0": [["782", "13:5"]]}, "43": {"0": [["782", "13:5"]]}, "49": {"0": [["782", "13:6"]]}, "52": {"0": [["782", "13:6"]]}, "53": {"0": [["782", "13:6"]]}, "24": {"0": [["782", "13:3"]]}, "25": {"0": [["782", "13:3"]]}, "26": {"0": [["782", "13:3"]]}, "27": {"0": [["782", "13:3"]]}, "20": {"0": [["782", "13:2"]]}, "21": {"0": [["782", "13:2"]]}, "22": {"0": [["782", "13:2"]]}, "23": {"0": [["782", "13:3"]]}, "46": {"0": [["782", "13:6"]]}, "47": {"0": [["782", "13:6"]]}, "44": {"0": [["782", "13:6"]]}, "48": {"0": [["782", "13:6"]]}, "28": {"0": [["782", "13:3"]]}, "29": {"0": [["782", "13:4"]]}, "40": {"0": [["782", "13:5"]]}, "41": {"0": [["782", "13:5"]]}, "1": {"0": [["782", "13:1"]]}, "3": {"0": [["782", "13:1"]]}, "2": {"0": [["782", "13:1"]]}, "5": {"0": [["782", "13:1"]]}, "4": {"1": [["977", "13:1"]], "0": [["782", "13:1"]]}, "7": {"0": [["782", "13:1"]]}, "6": {"0": [["782", "13:1"]]}, "9": {"0": [["782", "13:1"]]}, "8": {"1": [["977", "13:2"]], "0": [["782", "13:1"]]}, "51": {"0": [["782", "13:6"]]}, "39": {"1": [["977", "13:9"]], "0": [["782", "13:5"]]}, "38": {"0": [["782", "13:5"]]}, "11": {"0": [["782", "13:1"]]}, "10": {"0": [["782", "13:1"]]}, "13": {"0": [["782", "13:1"]]}, "12": {"1": [["977", "13:3"]], "0": [["782", "13:1"]]}, "15": {"0": [["782", "13:1"]]}, "14": {"0": [["782", "13:1"]]}, "17": {"1": [["977", "13:5"]], "0": [["782", "13:1"]]}, "16": {"1": [["977", "13:4"]], "0": [["782", "13:1"]]}, "19": {"0": [["782", "13:2"]]}, "18": {"1": [["977", "13:6"]], "0": [["782", "13:2"]]}, "31": {"0": [["782", "13:4"]]}, "30": {"1": [["977", "13:7"]], "0": [["782", "13:4"]]}, "37": {"0": [["782", "13:5"]]}, "36": {"1": [["977", "13:8"]], "0": [["782", "13:5"]]}, "35": {"0": [["782", "13:5"]]}, "34": {"0": [["782", "13:5"]]}, "33": {"0": [["782", "13:4"]]}, "55": {"0": [["782", "13:6"]]}, "32": {"0": [["782", "13:4"]]}, "50": {"0": [["782", "13:6"]]}}, "12": {"56": {"0": [["782", "12:8"]]}, "54": {"0": [["782", "12:8"]]}, "42": {"0": [["782", "12:5"]]}, "48": {"0": [["782", "12:7"]]}, "43": {"0": [["782", "12:6"]]}, "60": {"0": [["782", "12:8"]]}, "61": {"0": [["782", "12:8"]]}, "62": {"0": [["782", "12:8"]]}, "63": {"0": [["782", "12:8"]]}, "64": {"1": [["977", "12:10"]], "0": [["782", "12:8"]]}, "49": {"1": [["977", "12:9"]], "0": [["782", "12:7"]]}, "52": {"0": [["782", "12:8"]]}, "53": {"0": [["782", "12:8"]]}, "24": {"1": [["977", "12:3"]], "0": [["782", "12:3"]]}, "25": {"0": [["782", "12:3"]]}, "26": {"0": [["782", "12:3"]]}, "27": {"0": [["782", "12:3"]]}, "20": {"0": [["782", "12:2"]]}, "21": {"0": [["782", "12:2"]]}, "22": {"1": [["977", "12:2"]], "0": [["782", "12:2"]]}, "23": {"0": [["782", "12:3"]]}, "46": {"0": [["782", "12:6"]]}, "47": {"1": [["977", "12:8"]], "0": [["782", "12:6"]]}, "44": {"1": [["977", "12:7"]], "0": [["782", "12:6"]]}, "45": {"0": [["782", "12:6"]]}, "28": {"0": [["782", "12:3"]]}, "29": {"0": [["782", "12:3"]]}, "40": {"0": [["782", "12:5"]]}, "41": {"0": [["782", "12:5"]]}, "1": {"0": [["782", "12:1"]]}, "3": {"1": [["977", "12:1"]], "0": [["782", "12:1"]]}, "2": {"0": [["782", "12:1"]]}, "5": {"0": [["782", "12:1"]]}, "4": {"0": [["782", "12:1"]]}, "7": {"0": [["782", "12:1"]]}, "6": {"0": [["782", "12:1"]]}, "9": {"0": [["782", "12:1"]]}, "8": {"0": [["782", "12:1"]]}, "51": {"0": [["782", "12:8"]]}, "39": {"0": [["782", "12:5"]]}, "38": {"0": [["782", "12:5"]]}, "59": {"0": [["782", "12:8"]]}, "58": {"0": [["782", "12:8"]]}, "11": {"0": [["782", "12:1"]]}, "10": {"0": [["782", "12:1"]]}, "13": {"0": [["782", "12:1"]]}, "12": {"0": [["782", "12:1"]]}, "15": {"0": [["782", "12:2"]]}, "14": {"0": [["782", "12:2"]]}, "17": {"0": [["782", "12:2"]]}, "16": {"0": [["782", "12:2"]]}, "19": {"0": [["782", "12:2"]]}, "18": {"0": [["782", "12:2"]]}, "31": {"0": [["782", "12:4"]]}, "30": {"1": [["977", "12:4"]], "0": [["782", "12:3"]]}, "37": {"0": [["782", "12:5"]]}, "36": {"0": [["782", "12:5"]]}, "35": {"1": [["977", "12:6"]], "0": [["782", "12:4"]]}, "34": {"0": [["782", "12:4"]]}, "33": {"0": [["782", "12:4"]]}, "55": {"0": [["782", "12:8"]]}, "32": {"1": [["977", "12:5"]], "0": [["782", "12:4"]]}, "57": {"0": [["782", "12:8"]]}, "50": {"0": [["782", "12:7"]]}}, "15": {"58": {"0": [["782", "15:7"]]}, "45": {"0": [["782", "15:6"]]}, "66": {"0": [["782", "15:8"]]}, "54": {"1": [["977", "15:8"]], "0": [["782", "15:7"]]}, "42": {"0": [["782", "15:5"]]}, "43": {"0": [["782", "15:5"]]}, "60": {"0": [["782", "15:8"]]}, "68": {"0": [["782", "15:8"]]}, "62": {"0": [["782", "15:8"]]}, "63": {"0": [["782", "15:8"]]}, "64": {"0": [["782", "15:8"]]}, "49": {"0": [["782", "15:6"]]}, "65": {"0": [["782", "15:8"]]}, "67": {"0": [["782", "15:8"]]}, "82": {"1": [["977", "15:12"]], "0": [["782", "15:10"]]}, "83": {"0": [["782", "15:10"]]}, "80": {"1": [["977", "15:11"]], "0": [["782", "15:10"]]}, "81": {"0": [["782", "15:10"]]}, "53": {"0": [["782", "15:7"]]}, "84": {"0": [["782", "15:10"]]}, "85": {"0": [["782", "15:10"]]}, "24": {"0": [["782", "15:3"]]}, "25": {"0": [["782", "15:3"]]}, "26": {"0": [["782", "15:3"]]}, "27": {"0": [["782", "15:3"]]}, "20": {"0": [["782", "15:3"]]}, "21": {"0": [["782", "15:3"]]}, "22": {"0": [["782", "15:3"]]}, "23": {"0": [["782", "15:3"]]}, "46": {"0": [["782", "15:6"]]}, "47": {"0": [["782", "15:6"]]}, "44": {"0": [["782", "15:6"]]}, "48": {"1": [["977", "15:7"]], "0": [["782", "15:6"]]}, "28": {"1": [["977", "15:5"]], "0": [["782", "15:3"]]}, "29": {"0": [["782", "15:4"]]}, "40": {"1": [["977", "15:6"]], "0": [["782", "15:5"]]}, "41": {"0": [["782", "15:5"]]}, "1": {"0": [["782", "15:1"]]}, "3": {"0": [["782", "15:1"]]}, "2": {"0": [["782", "15:1"]]}, "5": {"0": [["782", "15:1"]]}, "4": {"0": [["782", "15:1"]]}, "7": {"0": [["782", "15:1"]]}, "6": {"0": [["782", "15:1"]]}, "9": {"0": [["782", "15:2"]]}, "8": {"1": [["977", "15:1"]], "0": [["782", "15:1"]]}, "52": {"0": [["782", "15:7"]]}, "51": {"0": [["782", "15:7"]]}, "56": {"1": [["977", "15:9"]], "0": [["782", "15:7"]]}, "39": {"0": [["782", "15:5"]]}, "77": {"0": [["782", "15:10"]]}, "76": {"0": [["782", "15:9"]]}, "75": {"0": [["782", "15:9"]]}, "38": {"0": [["782", "15:5"]]}, "73": {"0": [["782", "15:9"]]}, "72": {"0": [["782", "15:9"]]}, "71": {"0": [["782", "15:9"]]}, "70": {"0": [["782", "15:8"]]}, "59": {"0": [["782", "15:8"]]}, "69": {"0": [["782", "15:8"]]}, "79": {"0": [["782", "15:10"]]}, "78": {"0": [["782", "15:10"]]}, "11": {"0": [["782", "15:2"]]}, "10": {"0": [["782", "15:2"]]}, "13": {"0": [["782", "15:2"]]}, "12": {"1": [["977", "15:2"]], "0": [["782", "15:2"]]}, "15": {"1": [["977", "15:4"]], "0": [["782", "15:2"]]}, "14": {"1": [["977", "15:3"]], "0": [["782", "15:2"]]}, "17": {"0": [["782", "15:3"]]}, "16": {"0": [["782", "15:3"]]}, "19": {"0": [["782", "15:3"]]}, "18": {"0": [["782", "15:3"]]}, "31": {"0": [["782", "15:4"]]}, "30": {"0": [["782", "15:4"]]}, "37": {"0": [["782", "15:4"]]}, "36": {"0": [["782", "15:4"]]}, "35": {"0": [["782", "15:4"]]}, "34": {"0": [["782", "15:4"]]}, "33": {"0": [["782", "15:4"]]}, "55": {"0": [["782", "15:7"]]}, "74": {"0": [["782", "15:9"]]}, "32": {"0": [["782", "15:4"]]}, "61": {"1": [["977", "15:10"]], "0": [["782", "15:8"]]}, "57": {"0": [["782", "15:7"]]}, "50": {"0": [["782", "15:6"]]}}, "14": {"42": {"0": [["782", "14:7"]]}, "43": {"0": [["782", "14:7"]]}, "24": {"0": [["782", "14:5"]]}, "25": {"0": [["782", "14:5"]]}, "26": {"0": [["782", "14:5"]]}, "27": {"0": [["782", "14:5"]]}, "20": {"1": [["977", "14:3"]], "0": [["782", "14:4"]]}, "21": {"0": [["782", "14:4"]]}, "22": {"1": [["977", "14:4"]], "0": [["782", "14:4"]]}, "23": {"0": [["782", "14:4"]]}, "44": {"1": [["977", "14:6"]], "0": [["782", "14:7"]]}, "28": {"0": [["782", "14:5"]]}, "29": {"0": [["782", "14:5"]]}, "40": {"0": [["782", "14:6"]]}, "41": {"1": [["977", "14:5"]], "0": [["782", "14:6"]]}, "1": {"0": [["782", "14:1"]]}, "3": {"0": [["782", "14:1"]]}, "2": {"0": [["782", "14:1"]]}, "5": {"0": [["782", "14:1"]]}, "4": {"0": [["782", "14:1"]]}, "7": {"0": [["782", "14:1"]]}, "6": {"0": [["782", "14:1"]]}, "9": {"0": [["782", "14:1"]]}, "8": {"0": [["782", "14:1"]]}, "39": {"0": [["782", "14:6"]]}, "38": {"0": [["782", "14:5"]]}, "11": {"0": [["782", "14:1"]]}, "10": {"0": [["782", "14:1"]]}, "13": {"0": [["782", "14:2"]]}, "12": {"1": [["977", "14:1"]], "0": [["782", "14:2"]]}, "15": {"0": [["782", "14:3"]]}, "14": {"0": [["782", "14:2"]]}, "17": {"0": [["782", "14:3"]]}, "16": {"0": [["782", "14:3"]]}, "19": {"1": [["977", "14:2"]], "0": [["782", "14:4"]]}, "18": {"0": [["782", "14:3"]]}, "31": {"0": [["782", "14:5"]]}, "30": {"0": [["782", "14:5"]]}, "37": {"0": [["782", "14:5"]]}, "36": {"0": [["782", "14:5"]]}, "35": {"0": [["782", "14:5"]]}, "34": {"0": [["782", "14:5"]]}, "33": {"0": [["782", "14:5"]]}, "32": {"0": [["782", "14:5"]]}}, "17": {"24": {"0": [["782", "17:4"]]}, "25": {"0": [["782", "17:4"]]}, "26": {"0": [["782", "17:4"]]}, "27": {"0": [["782", "17:5"]]}, "20": {"0": [["782", "17:3"]]}, "21": {"1": [["977", "17:4"]], "0": [["782", "17:3"]]}, "22": {"0": [["782", "17:3"]]}, "23": {"1": [["977", "17:5"]], "0": [["782", "17:3"]]}, "28": {"0": [["782", "17:5"]]}, "29": {"0": [["782", "17:5"]]}, "1": {"0": [["782", "17:1"]]}, "3": {"0": [["782", "17:1"]]}, "2": {"0": [["782", "17:1"]]}, "5": {"1": [["977", "17:1"]], "0": [["782", "17:1"]]}, "4": {"0": [["782", "17:1"]]}, "7": {"0": [["782", "17:1"]]}, "6": {"1": [["977", "17:2"]], "0": [["782", "17:1"]]}, "9": {"0": [["782", "17:2"]]}, "8": {"0": [["782", "17:2"]]}, "11": {"1": [["977", "17:3"]], "0": [["782", "17:2"]]}, "10": {"0": [["782", "17:2"]]}, "13": {"0": [["782", "17:2"]]}, "12": {"0": [["782", "17:2"]]}, "15": {"0": [["782", "17:2"]]}, "14": {"0": [["782", "17:2"]]}, "17": {"0": [["782", "17:3"]]}, "16": {"0": [["782", "17:2"]]}, "19": {"0": [["782", "17:3"]]}, "18": {"0": [["782", "17:3"]]}, "31": {"0": [["782", "17:5"]]}, "30": {"0": [["782", "17:5"]]}, "35": {"0": [["782", "17:5"]]}, "34": {"0": [["782", "17:5"]]}, "33": {"0": [["782", "17:5"]]}, "32": {"0": [["782", "17:5"]]}}, "16": {"45": {"0": [["782", "16:4"]]}, "54": {"0": [["782", "16:5"]]}, "42": {"1": [["977", "16:12"]], "0": [["782", "16:3"]]}, "43": {"0": [["782", "16:4"]]}, "49": {"0": [["782", "16:4"]]}, "52": {"0": [["782", "16:5"]]}, "53": {"0": [["782", "16:5"]]}, "24": {"0": [["782", "16:2"]]}, "25": {"0": [["782", "16:2"]]}, "26": {"0": [["782", "16:2"]]}, "27": {"0": [["782", "16:2"]]}, "20": {"0": [["782", "16:2"]]}, "21": {"0": [["782", "16:2"]]}, "22": {"0": [["782", "16:2"]]}, "23": {"0": [["782", "16:2"]]}, "46": {"0": [["782", "16:4"]]}, "47": {"0": [["782", "16:4"]]}, "44": {"0": [["782", "16:4"]]}, "48": {"0": [["782", "16:4"]]}, "28": {"0": [["782", "16:2"]]}, "29": {"0": [["782", "16:2"]]}, "40": {"1": [["977", "16:11"]], "0": [["782", "16:3"]]}, "41": {"0": [["782", "16:3"]]}, "1": {"1": [["977", "16:1"]], "0": [["782", "16:1"]]}, "3": {"0": [["782", "16:1"]]}, "2": {"0": [["782", "16:1"]]}, "5": {"0": [["782", "16:1"]]}, "4": {"0": [["782", "16:1"]]}, "7": {"0": [["782", "16:1"]]}, "6": {"0": [["782", "16:1"]]}, "9": {"0": [["782", "16:1"]]}, "8": {"1": [["977", "16:2"]], "0": [["782", "16:1"]]}, "51": {"0": [["782", "16:5"]]}, "56": {"0": [["782", "16:5"]]}, "39": {"1": [["977", "16:10"]], "0": [["782", "16:3"]]}, "38": {"1": [["977", "16:9"]], "0": [["782", "16:3"]]}, "59": {"0": [["782", "16:5"]]}, "58": {"0": [["782", "16:5"]]}, "11": {"0": [["782", "16:1"]]}, "10": {"1": [["977", "16:3"]], "0": [["782", "16:1"]]}, "13": {"0": [["782", "16:2"]]}, "12": {"0": [["782", "16:1"]]}, "15": {"0": [["782", "16:2"]]}, "14": {"0": [["782", "16:2"]]}, "17": {"0": [["782", "16:2"]]}, "16": {"0": [["782", "16:2"]]}, "19": {"0": [["782", "16:2"]]}, "18": {"0": [["782", "16:2"]]}, "31": {"1": [["977", "16:4"]], "0": [["782", "16:2"]]}, "30": {"0": [["782", "16:2"]]}, "37": {"1": [["977", "16:5"]], "0": [["977", "16:8"], ["782", "16:3"]]}, "36": {"0": [["782", "16:3"]]}, "35": {"1": [["977", "16:7"]], "0": [["782", "16:3"]]}, "34": {"1": [["977", "16:6"]], "0": [["782", "16:3"]]}, "33": {"1": [["977", "16:5"]], "0": [["782", "16:3"]]}, "55": {"1": [["977", "16:13"]], "0": [["782", "16:5"]]}, "32": {"0": [["782", "16:2"]]}, "57": {"0": [["782", "16:5"]]}, "50": {"0": [["782", "16:5"]]}}, "18": {"24": {"0": [["782", "18:2"]]}, "25": {"0": [["782", "18:2"]]}, "26": {"0": [["782", "18:2"]]}, "27": {"0": [["782", "18:2"]]}, "20": {"0": [["782", "18:2"]]}, "21": {"0": [["782", "18:2"]]}, "22": {"0": [["782", "18:2"]]}, "23": {"0": [["782", "18:2"]]}, "28": {"0": [["782", "18:2"]]}, "29": {"0": [["782", "18:2"]]}, "4": {"0": [["782", "18:1"]]}, "8": {"0": [["782", "18:1"]]}, "59": {"0": [["782", "18:6"]]}, "58": {"0": [["782", "18:6"]]}, "55": {"0": [["782", "18:6"]]}, "54": {"0": [["782", "18:6"]]}, "57": {"0": [["782", "18:6"]]}, "56": {"0": [["782", "18:6"]]}, "51": {"0": [["782", "18:5"]]}, "50": {"0": [["782", "18:5"]]}, "53": {"1": [["977", "18:10"]], "0": [["782", "18:5"]]}, "52": {"0": [["782", "18:5"]]}, "88": {"0": [["782", "18:10"]]}, "89": {"0": [["782", "18:10"]]}, "82": {"0": [["782", "18:9"]]}, "83": {"0": [["782", "18:9"]]}, "80": {"0": [["782", "18:9"]]}, "81": {"0": [["782", "18:9"]]}, "86": {"0": [["782", "18:10"]]}, "87": {"0": [["782", "18:10"]]}, "84": {"0": [["782", "18:9"]]}, "85": {"0": [["782", "18:9"]]}, "3": {"0": [["782", "18:1"]]}, "7": {"1": [["977", "18:1"]], "0": [["782", "18:1"]]}, "39": {"0": [["782", "18:4"]]}, "38": {"1": [["977", "18:7"]], "0": [["782", "18:4"]]}, "33": {"0": [["782", "18:3"]]}, "32": {"1": [["977", "18:3"], ["977", "18:4"], ["977", "18:5"]], "0": [["782", "18:3"]]}, "31": {"0": [["782", "18:3"]]}, "30": {"0": [["782", "18:2"]]}, "37": {"0": [["782", "18:4"]]}, "36": {"1": [["977", "18:6"]], "0": [["782", "18:4"]]}, "35": {"0": [["782", "18:4"]]}, "34": {"0": [["782", "18:3"]]}, "60": {"0": [["782", "18:7"]]}, "61": {"0": [["782", "18:7"]]}, "62": {"0": [["782", "18:7"]]}, "63": {"0": [["782", "18:7"]]}, "64": {"0": [["782", "18:7"]]}, "65": {"0": [["782", "18:7"]]}, "66": {"0": [["782", "18:7"]]}, "67": {"0": [["782", "18:7"]]}, "68": {"1": [["977", "18:11"]], "0": [["782", "18:7"]]}, "69": {"0": [["782", "18:7"]]}, "2": {"0": [["782", "18:1"]]}, "6": {"0": [["782", "18:1"]]}, "91": {"0": [["782", "18:10"]]}, "90": {"0": [["782", "18:10"]]}, "93": {"0": [["782", "18:10"]]}, "92": {"0": [["782", "18:10"]]}, "11": {"0": [["782", "18:1"]]}, "10": {"0": [["782", "18:1"]]}, "13": {"0": [["782", "18:1"]]}, "12": {"0": [["782", "18:1"]]}, "15": {"0": [["782", "18:1"]]}, "14": {"0": [["782", "18:1"]]}, "17": {"0": [["782", "18:2"]]}, "16": {"0": [["782", "18:2"]]}, "19": {"1": [["977", "18:2"]], "0": [["782", "18:2"]]}, "18": {"0": [["782", "18:2"]]}, "48": {"0": [["782", "18:5"]]}, "49": {"0": [["782", "18:5"]]}, "46": {"0": [["782", "18:5"]]}, "47": {"0": [["782", "18:5"]]}, "44": {"0": [["782", "18:4"]]}, "45": {"1": [["977", "18:9"]], "0": [["782", "18:4"]]}, "42": {"1": [["977", "18:8"]], "0": [["782", "18:4"]]}, "43": {"0": [["782", "18:4"]]}, "40": {"0": [["782", "18:4"]]}, "41": {"0": [["782", "18:4"]]}, "1": {"0": [["782", "18:1"]]}, "5": {"0": [["782", "18:1"]]}, "9": {"0": [["782", "18:1"]]}, "77": {"0": [["782", "18:9"]]}, "76": {"0": [["782", "18:9"]]}, "75": {"1": [["977", "18:12"]], "0": [["782", "18:8"]]}, "74": {"0": [["782", "18:8"]]}, "73": {"0": [["782", "18:8"]]}, "72": {"0": [["782", "18:8"]]}, "71": {"0": [["782", "18:7"]]}, "70": {"0": [["782", "18:7"]]}, "79": {"0": [["782", "18:9"]]}, "78": {"0": [["782", "18:9"]]}}, "1": {"56": {"0": [["782", "1:8"]]}, "54": {"0": [["782", "1:8"]]}, "42": {"0": [["782", "1:7"]]}, "45": {"0": [["782", "1:8"]]}, "43": {"0": [["782", "1:7"]]}, "60": {"0": [["782", "1:8"]]}, "61": {"0": [["782", "1:8"]]}, "49": {"0": [["782", "1:8"]]}, "52": {"0": [["782", "1:8"]]}, "53": {"0": [["782", "1:8"]]}, "24": {"0": [["782", "1:5"]]}, "25": {"0": [["782", "1:5"]]}, "26": {"0": [["782", "1:5"]]}, "27": {"0": [["782", "1:5"]]}, "20": {"1": [["977", "1:8"]], "0": [["782", "1:4"]]}, "21": {"1": [["977", "1:9"]], "0": [["782", "1:5"]]}, "22": {"1": [["977", "1:10"]], "0": [["782", "1:5"]]}, "23": {"0": [["782", "1:5"]]}, "46": {"0": [["782", "1:8"]]}, "47": {"1": [["977", "1:14"]], "0": [["782", "1:8"]]}, "44": {"0": [["782", "1:8"]]}, "48": {"0": [["782", "1:8"]]}, "28": {"1": [["977", "1:11"]], "0": [["782", "1:5"]]}, "29": {"0": [["782", "1:6"]]}, "40": {"0": [["782", "1:6"]]}, "41": {"0": [["782", "1:6"]]}, "1": {"0": [["782", "1:1"]]}, "3": {"0": [["782", "1:1"]]}, "2": {"0": [["782", "1:1"]]}, "5": {"1": [["977", "1:1"]], "0": [["782", "1:1"]]}, "4": {"0": [["782", "1:1"]]}, "7": {"0": [["782", "1:2"]]}, "6": {"1": [["977", "1:2"], ["977", "1:3"], ["977", "1:4"], ["977", "1:5"]], "0": [["782", "1:2"]]}, "9": {"0": [["782", "1:3"]]}, "8": {"0": [["782", "1:2"]]}, "51": {"0": [["782", "1:8"]]}, "39": {"0": [["782", "1:6"]]}, "12": {"0": [["782", "1:3"]]}, "15": {"0": [["782", "1:4"]]}, "58": {"0": [["782", "1:8"]]}, "11": {"0": [["782", "1:3"]]}, "10": {"1": [["977", "1:6"]], "0": [["782", "1:3"]]}, "13": {"0": [["782", "1:3"]]}, "38": {"1": [["977", "1:13"]], "0": [["782", "1:6"]]}, "59": {"1": [["977", "1:15"]], "0": [["782", "1:8"]]}, "14": {"1": [["977", "1:7"]], "0": [["782", "1:3"]]}, "17": {"0": [["782", "1:4"]]}, "16": {"0": [["782", "1:4"]]}, "19": {"0": [["782", "1:4"]]}, "18": {"0": [["782", "1:4"]]}, "31": {"0": [["782", "1:6"]]}, "30": {"0": [["782", "1:6"]]}, "37": {"1": [["977", "1:12"]], "0": [["782", "1:6"]]}, "36": {"0": [["782", "1:6"]]}, "35": {"0": [["782", "1:6"]]}, "34": {"0": [["782", "1:6"]]}, "33": {"0": [["782", "1:6"]]}, "55": {"0": [["782", "1:8"]]}, "32": {"0": [["782", "1:6"]]}, "57": {"0": [["782", "1:8"]]}, "50": {"0": [["782", "1:8"]]}}, "3": {"45": {"0": [["782", "3:5"]]}, "81": {"0": [["782", "3:7"]]}, "54": {"0": [["782", "3:6"]]}, "42": {"0": [["782", "3:4"]]}, "67": {"0": [["782", "3:7"]]}, "43": {"0": [["782", "3:5"]]}, "60": {"0": [["782", "3:6"]]}, "61": {"0": [["782", "3:7"]]}, "62": {"0": [["782", "3:7"]]}, "63": {"0": [["782", "3:7"]]}, "64": {"0": [["782", "3:7"]]}, "49": {"0": [["782", "3:5"]]}, "66": {"0": [["782", "3:7"]]}, "83": {"0": [["782", "3:7"]]}, "68": {"0": [["782", "3:7"]]}, "69": {"0": [["782", "3:7"]]}, "80": {"0": [["782", "3:7"]]}, "52": {"0": [["782", "3:5"]]}, "77": {"0": [["782", "3:7"]]}, "53": {"1": [["977", "3:11"]], "0": [["782", "3:5"]]}, "24": {"0": [["782", "3:3"]]}, "25": {"0": [["782", "3:3"]]}, "26": {"0": [["782", "3:3"]]}, "27": {"0": [["782", "3:3"]]}, "20": {"0": [["782", "3:2"]]}, "21": {"0": [["782", "3:2"], ["782", "3:3"]]}, "22": {"0": [["782", "3:3"]]}, "23": {"0": [["782", "3:3"]]}, "46": {"1": [["977", "3:9"]], "0": [["782", "3:5"]]}, "47": {"0": [["782", "3:5"]]}, "44": {"0": [["782", "3:5"]]}, "48": {"0": [["782", "3:5"]]}, "28": {"0": [["782", "3:3"]]}, "29": {"0": [["782", "3:3"]]}, "40": {"0": [["782", "3:4"]]}, "41": {"0": [["782", "3:4"]]}, "1": {"0": [["782", "3:1"]]}, "82": {"0": [["782", "3:7"]]}, "3": {"0": [["782", "3:1"]]}, "2": {"1": [["977", "3:1"]], "0": [["782", "3:1"]]}, "5": {"0": [["782", "3:1"]]}, "4": {"0": [["782", "3:1"]]}, "7": {"1": [["977", "3:2"]], "0": [["782", "3:1"]]}, "6": {"0": [["782", "3:1"]]}, "9": {"1": [["977", "3:4"]], "0": [["782", "3:1"]]}, "8": {"1": [["977", "3:3"]], "0": [["782", "3:1"]]}, "78": {"0": [["782", "3:7"]]}, "51": {"1": [["977", "3:10"]], "0": [["782", "3:5"]]}, "56": {"1": [["977", "3:12"]], "0": [["782", "3:6"]]}, "39": {"0": [["782", "3:4"]]}, "65": {"0": [["782", "3:7"]]}, "76": {"0": [["782", "3:7"]]}, "75": {"1": [["977", "3:14"]], "0": [["782", "3:7"]]}, "38": {"0": [["782", "3:4"]]}, "73": {"0": [["782", "3:7"]]}, "72": {"1": [["977", "3:13"]], "0": [["782", "3:7"]]}, "71": {"0": [["782", "3:7"]]}, "70": {"0": [["782", "3:7"]]}, "59": {"0": [["782", "3:6"]]}, "79": {"0": [["782", "3:7"]]}, "58": {"0": [["782", "3:6"]]}, "11": {"0": [["782", "3:1"]]}, "10": {"1": [["977", "3:5"]], "0": [["782", "3:1"]]}, "13": {"0": [["782", "3:1"]]}, "12": {"1": [["977", "3:6"]], "0": [["782", "3:1"]]}, "15": {"0": [["782", "3:2"]]}, "14": {"0": [["782", "3:2"]]}, "17": {"0": [["782", "3:2"]]}, "16": {"0": [["782", "3:2"]]}, "19": {"1": [["977", "3:7"]], "0": [["782", "3:2"]]}, "32": {"1": [["977", "3:400"]], "0": [["977", "3:8"], ["782", "3:3"]]}, "31": {"0": [["782", "3:3"]]}, "30": {"0": [["782", "3:3"]]}, "37": {"0": [["782", "3:4"]]}, "36": {"0": [["782", "3:4"]]}, "35": {"0": [["782", "3:4"]]}, "34": {"0": [["782", "3:3"]]}, "33": {"0": [["782", "3:3"]]}, "55": {"0": [["782", "3:6"]]}, "74": {"0": [["782", "3:7"]]}, "18": {"0": [["782", "3:2"]]}, "57": {"0": [["782", "3:6"]]}, "50": {"0": [["782", "3:5"]]}}, "2": {"56": {"0": [["782", "2:7"]]}, "54": {"0": [["782", "2:7"]]}, "42": {"1": [["977", "2:12"]], "0": [["782", "2:4"]]}, "48": {"0": [["782", "2:6"]]}, "43": {"0": [["782", "2:4"]]}, "49": {"0": [["782", "2:6"]]}, "52": {"0": [["782", "2:7"]]}, "53": {"0": [["782", "2:7"]]}, "24": {"1": [["977", "2:3"]], "0": [["782", "2:2"]]}, "25": {"1": [["977", "2:4"]], "0": [["782", "2:2"]]}, "26": {"0": [["782", "2:2"]]}, "27": {"1": [["977", "2:5"], ["977", "2:6"], ["977", "2:7"]], "0": [["782", "2:3"]]}, "20": {"0": [["782", "2:2"]]}, "21": {"0": [["782", "2:2"]]}, "22": {"0": [["782", "2:2"]]}, "23": {"0": [["782", "2:2"]]}, "46": {"0": [["782", "2:5"]]}, "47": {"0": [["782", "2:6"]]}, "44": {"0": [["782", "2:5"]]}, "45": {"1": [["977", "2:13"]], "0": [["782", "2:5"]]}, "28": {"0": [["782", "2:3"]]}, "29": {"0": [["782", "2:3"]]}, "40": {"0": [["782", "2:4"]]}, "41": {"0": [["782", "2:4"]]}, "1": {"0": [["782", "2:1"]]}, "3": {"0": [["782", "2:1"]]}, "2": {"1": [["977", "2:1"]], "0": [["782", "2:1"]]}, "5": {"0": [["782", "2:1"]]}, "4": {"0": [["782", "2:1"]]}, "7": {"0": [["782", "2:1"]]}, "6": {"0": [["782", "2:1"]]}, "9": {"0": [["782", "2:1"]]}, "8": {"0": [["782", "2:1"]]}, "51": {"1": [["977", "2:15"]], "0": [["782", "2:7"]]}, "39": {"1": [["977", "2:11"]], "0": [["782", "2:4"]]}, "38": {"0": [["782", "2:4"]]}, "11": {"0": [["782", "2:1"]]}, "10": {"1": [["977", "2:2"]], "0": [["782", "2:1"]]}, "13": {"0": [["782", "2:1"]]}, "12": {"0": [["782", "2:1"]]}, "15": {"0": [["782", "2:2"]]}, "14": {"0": [["782", "2:2"]]}, "17": {"0": [["782", "2:2"]]}, "16": {"0": [["782", "2:2"]]}, "19": {"0": [["782", "2:2"]]}, "18": {"0": [["782", "2:2"]]}, "31": {"0": [["782", "2:3"]]}, "30": {"1": [["977", "2:5"]], "0": [["977", "2:8"], ["782", "2:3"]]}, "37": {"0": [["782", "2:4"]]}, "36": {"1": [["977", "2:10"]], "0": [["782", "2:3"]]}, "35": {"1": [["977", "2:9"]], "0": [["782", "2:3"]]}, "34": {"0": [["782", "2:3"]]}, "33": {"0": [["782", "2:3"]]}, "55": {"1": [["977", "2:16"]], "0": [["782", "2:7"]]}, "32": {"0": [["782", "2:3"]]}, "57": {"0": [["782", "2:7"]]}, "50": {"1": [["977", "2:14"]], "0": [["782", "2:6"]]}}, "5": {"45": {"0": [["782", "5:6"]]}, "54": {"0": [["782", "5:7"]]}, "42": {"0": [["782", "5:6"]]}, "36": {"0": [["782", "5:6"]]}, "60": {"0": [["782", "5:7"]]}, "61": {"0": [["782", "5:7"]]}, "62": {"0": [["782", "5:7"]]}, "63": {"0": [["782", "5:7"]]}, "64": {"1": [["977", "5:9"]], "0": [["782", "5:7"]]}, "53": {"1": [["977", "5:7"]], "0": [["782", "5:6"]]}, "52": {"0": [["782", "5:6"]]}, "24": {"0": [["782", "5:4"]]}, "25": {"0": [["782", "5:4"]]}, "26": {"0": [["782", "5:4"]]}, "27": {"0": [["782", "5:5"]]}, "20": {"0": [["782", "5:4"]]}, "21": {"0": [["782", "5:4"]]}, "22": {"0": [["782", "5:4"]]}, "23": {"0": [["782", "5:4"]]}, "46": {"1": [["977", "5:5"]], "0": [["782", "5:6"]]}, "47": {"0": [["782", "5:6"]]}, "44": {"0": [["782", "5:6"]]}, "48": {"0": [["782", "5:6"]]}, "28": {"0": [["782", "5:5"]]}, "29": {"0": [["782", "5:5"]]}, "40": {"1": [["977", "5:4"]], "0": [["782", "5:6"]]}, "41": {"0": [["782", "5:6"]]}, "1": {"0": [["782", "5:1"]]}, "3": {"1": [["977", "5:1"]], "0": [["782", "5:1"]]}, "2": {"0": [["782", "5:1"]]}, "5": {"0": [["782", "5:1"]]}, "4": {"0": [["782", "5:1"]]}, "7": {"0": [["782", "5:2"]]}, "6": {"0": [["782", "5:1"]]}, "9": {"0": [["782", "5:2"]]}, "8": {"0": [["782", "5:2"]]}, "49": {"1": [["977", "5:6"]], "0": [["782", "5:6"]]}, "56": {"0": [["782", "5:7"]]}, "43": {"0": [["782", "5:6"]]}, "39": {"0": [["782", "5:6"]]}, "38": {"0": [["782", "5:6"]]}, "15": {"0": [["782", "5:3"]]}, "58": {"0": [["782", "5:7"]]}, "11": {"0": [["782", "5:2"]]}, "10": {"0": [["782", "5:2"]]}, "13": {"0": [["782", "5:2"]]}, "12": {"0": [["782", "5:2"]]}, "59": {"0": [["977", "5:8"], ["782", "5:7"]]}, "14": {"1": [["977", "5:2"]], "0": [["782", "5:2"]]}, "17": {"0": [["782", "5:3"]]}, "16": {"0": [["782", "5:3"]]}, "19": {"0": [["782", "5:4"]]}, "18": {"0": [["782", "5:3"]]}, "31": {"0": [["782", "5:5"]]}, "30": {"0": [["782", "5:5"]]}, "51": {"0": [["782", "5:6"]]}, "50": {"0": [["782", "5:6"]]}, "35": {"1": [["977", "5:2"]], "0": [["977", "5:3"], ["782", "5:5"]]}, "34": {"0": [["782", "5:5"]]}, "33": {"0": [["782", "5:5"]]}, "55": {"0": [["782", "5:7"]]}, "37": {"0": [["782", "5:6"]]}, "32": {"0": [["782", "5:5"]]}, "57": {"0": [["782", "5:7"]]}}, "4": {"24": {"0": [["782", "4:3"]]}, "25": {"0": [["782", "4:3"]]}, "26": {"1": [["977", "4:7"]], "0": [["782", "4:3"]]}, "27": {"0": [["782", "4:3"]]}, "20": {"1": [["977", "4:5"]], "0": [["782", "4:2"]]}, "21": {"0": [["782", "4:2"]]}, "22": {"1": [["977", "4:6"]], "0": [["782", "4:2"]]}, "23": {"0": [["782", "4:3"]]}, "28": {"0": [["782", "4:3"]]}, "29": {"0": [["782", "4:3"]]}, "1": {"0": [["782", "4:1"]]}, "3": {"0": [["782", "4:1"]]}, "2": {"0": [["782", "4:1"]]}, "5": {"0": [["782", "4:1"]]}, "4": {"0": [["782", "4:1"]]}, "7": {"0": [["782", "4:1"]]}, "6": {"0": [["782", "4:1"]]}, "9": {"1": [["977", "4:1"]], "0": [["782", "4:1"]]}, "8": {"0": [["782", "4:1"]]}, "11": {"0": [["782", "4:1"]]}, "10": {"0": [["782", "4:1"]]}, "13": {"1": [["977", "4:2"]], "0": [["782", "4:1"]]}, "12": {"0": [["782", "4:1"]]}, "15": {"0": [["782", "4:1"]]}, "14": {"1": [["977", "4:3"]], "0": [["782", "4:1"]]}, "17": {"0": [["782", "4:2"]]}, "16": {"1": [["977", "4:4"]], "0": [["782", "4:1"]]}, "19": {"0": [["782", "4:2"]]}, "18": {"0": [["782", "4:2"]]}, "31": {"0": [["782", "4:3"]]}, "30": {"0": [["782", "4:3"]]}, "34": {"1": [["977", "4:9"]]}, "32": {"1": [["977", "4:8"]]}}, "7": {"56": {"0": [["782", "7:5"]]}, "54": {"0": [["782", "7:4"]]}, "42": {"0": [["782", "7:3"]]}, "48": {"0": [["782", "7:4"]]}, "43": {"0": [["782", "7:3"]]}, "60": {"0": [["782", "7:6"]]}, "61": {"0": [["782", "7:6"]]}, "62": {"0": [["782", "7:6"]]}, "63": {"1": [["977", "7:10"]], "0": [["782", "7:6"]]}, "53": {"0": [["782", "7:4"]]}, "52": {"0": [["782", "7:4"]]}, "24": {"0": [["782", "7:2"]]}, "25": {"0": [["782", "7:2"]]}, "26": {"0": [["782", "7:2"]]}, "27": {"0": [["782", "7:2"]]}, "20": {"0": [["782", "7:2"]]}, "21": {"1": [["977", "7:3"]], "0": [["782", "7:2"]]}, "22": {"0": [["782", "7:2"]]}, "23": {"0": [["782", "7:2"]]}, "46": {"0": [["782", "7:3"]]}, "47": {"0": [["782", "7:3"]]}, "44": {"0": [["782", "7:3"]]}, "45": {"0": [["782", "7:3"]]}, "28": {"0": [["782", "7:2"]]}, "29": {"0": [["782", "7:2"]]}, "40": {"0": [["782", "7:3"]]}, "41": {"0": [["782", "7:3"]]}, "1": {"0": [["782", "7:1"]]}, "3": {"0": [["782", "7:1"]]}, "2": {"0": [["782", "7:1"]]}, "5": {"0": [["782", "7:1"]]}, "4": {"0": [["782", "7:1"]]}, "7": {"0": [["782", "7:1"]]}, "6": {"0": [["782", "7:1"]]}, "9": {"1": [["977", "7:1"]], "0": [["782", "7:1"]]}, "8": {"0": [["782", "7:1"]]}, "51": {"0": [["782", "7:4"]]}, "49": {"0": [["782", "7:4"]]}, "39": {"0": [["782", "7:3"]]}, "38": {"0": [["782", "7:3"]]}, "59": {"0": [["782", "7:5"]]}, "58": {"0": [["782", "7:5"]]}, "11": {"0": [["782", "7:1"]]}, "10": {"0": [["782", "7:1"]]}, "13": {"0": [["782", "7:1"]]}, "12": {"0": [["782", "7:1"]]}, "15": {"1": [["977", "7:2"]], "0": [["782", "7:1"]]}, "14": {"0": [["782", "7:1"]]}, "17": {"0": [["782", "7:2"]]}, "16": {"0": [["782", "7:2"]]}, "19": {"0": [["782", "7:2"]]}, "18": {"0": [["782", "7:2"]]}, "31": {"0": [["782", "7:2"]]}, "30": {"1": [["977", "7:4"]], "0": [["782", "7:2"]]}, "37": {"0": [["782", "7:3"]]}, "36": {"0": [["782", "7:3"]]}, "35": {"0": [["782", "7:3"]]}, "34": {"1": [["977", "7:5"], ["977", "7:6"]], "0": [["782", "7:3"]]}, "33": {"0": [["782", "7:2"]]}, "55": {"1": [["977", "7:8"]], "0": [["782", "7:4"]]}, "32": {"0": [["782", "7:2"]]}, "57": {"1": [["977", "7:9"]], "0": [["782", "7:5"]]}, "50": {"1": [["977", "7:7"]], "0": [["782", "7:4"]]}}, "6": {"45": {"0": [["782", "6:5"]]}, "54": {"1": [["977", "6:10"]], "0": [["782", "6:6"]]}, "42": {"0": [["782", "6:5"]]}, "43": {"0": [["782", "6:5"]]}, "60": {"0": [["782", "6:7"]]}, "61": {"0": [["782", "6:7"]]}, "62": {"0": [["782", "6:7"]]}, "63": {"0": [["782", "6:7"]]}, "64": {"0": [["782", "6:7"]]}, "49": {"0": [["782", "6:6"]]}, "66": {"0": [["782", "6:7"]]}, "52": {"0": [["782", "6:6"]]}, "53": {"1": [["977", "6:9"]], "0": [["782", "6:6"]]}, "24": {"0": [["782", "6:2"]]}, "25": {"0": [["782", "6:3"]]}, "26": {"0": [["782", "6:3"]]}, "27": {"1": [["977", "6:5"]], "0": [["782", "6:3"]]}, "20": {"1": [["977", "6:4"]], "0": [["782", "6:2"]]}, "21": {"0": [["782", "6:2"]]}, "22": {"0": [["782", "6:2"]]}, "23": {"0": [["782", "6:2"]]}, "46": {"1": [["977", "6:8"]], "0": [["782", "6:5"]]}, "47": {"0": [["782", "6:5"]]}, "44": {"0": [["782", "6:5"]]}, "48": {"0": [["782", "6:5"]]}, "28": {"0": [["782", "6:3"]]}, "29": {"1": [["977", "6:6"]], "0": [["782", "6:3"]]}, "40": {"0": [["782", "6:4"]]}, "41": {"0": [["782", "6:4"]]}, "1": {"0": [["782", "6:1"]]}, "3": {"0": [["782", "6:1"]]}, "2": {"0": [["782", "6:1"]]}, "5": {"0": [["782", "6:1"]]}, "4": {"0": [["782", "6:1"]]}, "7": {"0": [["782", "6:1"]]}, "6": {"0": [["782", "6:1"]]}, "9": {"0": [["782", "6:1"]]}, "8": {"1": [["977", "6:1"]], "0": [["782", "6:1"]]}, "51": {"0": [["782", "6:6"]]}, "56": {"0": [["782", "6:7"]]}, "39": {"0": [["782", "6:4"]]}, "65": {"0": [["782", "6:7"]]}, "38": {"0": [["782", "6:4"]]}, "59": {"0": [["782", "6:7"]]}, "58": {"0": [["782", "6:7"]]}, "11": {"0": [["782", "6:2"]]}, "10": {"0": [["782", "6:1"]]}, "13": {"0": [["782", "6:2"]]}, "12": {"0": [["782", "6:2"]]}, "15": {"0": [["782", "6:2"]]}, "14": {"0": [["782", "6:2"]]}, "17": {"0": [["782", "6:2"]]}, "16": {"1": [["977", "6:2"]], "0": [["782", "6:2"], ["782", "6:4"]]}, "19": {"1": [["977", "6:3"]], "0": [["782", "6:2"]]}, "18": {"0": [["782", "6:2"]]}, "31": {"0": [["782", "6:3"]]}, "30": {"1": [["977", "6:7"]], "0": [["782", "6:3"]]}, "37": {"0": [["782", "6:4"]]}, "36": {"0": [["782", "6:4"]]}, "35": {"0": [["782", "6:4"]]}, "34": {"0": [["782", "6:4"]]}, "33": {"0": [["782", "6:3"]]}, "55": {"0": [["782", "6:7"]]}, "32": {"0": [["782", "6:3"]]}, "57": {"0": [["782", "6:7"]]}, "50": {"0": [["782", "6:6"]]}}, "9": {"24": {"0": [["782", "9:4"]]}, "25": {"1": [["977", "9:4"]], "0": [["782", "9:4"]]}, "26": {"0": [["782", "9:4"]]}, "27": {"1": [["977", "9:5"]], "0": [["782", "9:4"]]}, "20": {"0": [["782", "9:3"]]}, "21": {"0": [["782", "9:3"]]}, "22": {"0": [["782", "9:3"]]}, "23": {"0": [["782", "9:3"]]}, "28": {"0": [["782", "9:5"]]}, "29": {"0": [["782", "9:5"]]}, "4": {"0": [["782", "9:1"]]}, "8": {"0": [["782", "9:1"]]}, "59": {"0": [["782", "9:12"]]}, "58": {"0": [["782", "9:12"]]}, "55": {"0": [["782", "9:12"]]}, "54": {"0": [["782", "9:11"]]}, "57": {"1": [["977", "9:10"]], "0": [["782", "9:12"]]}, "56": {"0": [["782", "9:12"], ["782", "9:14"]]}, "51": {"1": [["977", "9:8"]], "0": [["782", "9:10"]]}, "50": {"0": [["782", "9:10"]]}, "53": {"0": [["782", "9:11"]]}, "52": {"1": [["977", "9:9"]], "0": [["782", "9:10"]]}, "88": {"0": [["782", "9:15"]]}, "89": {"0": [["782", "9:15"]]}, "82": {"0": [["782", "9:15"]]}, "83": {"0": [["782", "9:15"]]}, "80": {"0": [["782", "9:15"]]}, "81": {"0": [["782", "9:15"]]}, "86": {"0": [["782", "9:15"]]}, "87": {"0": [["782", "9:15"]]}, "84": {"0": [["782", "9:15"]]}, "85": {"1": [["977", "9:16"]], "0": [["782", "9:15"]]}, "3": {"0": [["782", "9:1"]]}, "7": {"0": [["782", "9:1"]]}, "108": {"1": [["977", "9:20"]], "0": [["782", "9:16"]]}, "102": {"0": [["782", "9:16"]]}, "103": {"1": [["977", "9:19"]], "0": [["782", "9:16"]]}, "100": {"0": [["782", "9:16"]]}, "101": {"0": [["782", "9:16"]]}, "106": {"0": [["782", "9:16"]]}, "107": {"0": [["782", "9:16"]]}, "104": {"0": [["782", "9:16"]]}, "105": {"0": [["782", "9:16"]]}, "39": {"0": [["782", "9:8"]]}, "38": {"0": [["782", "9:7"]]}, "33": {"0": [["782", "9:5"]]}, "32": {"0": [["782", "9:5"]]}, "31": {"0": [["782", "9:5"]]}, "30": {"0": [["782", "9:5"]]}, "37": {"0": [["782", "9:7"]]}, "36": {"0": [["782", "9:7"]]}, "35": {"0": [["782", "9:6"]]}, "34": {"0": [["782", "9:6"]]}, "60": {"0": [["782", "9:12"]]}, "61": {"0": [["782", "9:12"]]}, "62": {"0": [["782", "9:13"]]}, "63": {"1": [["977", "9:11"]], "0": [["782", "9:13"]]}, "64": {"0": [["782", "9:13"]]}, "65": {"0": [["782", "9:13"]]}, "66": {"0": [["782", "9:13"], ["782", "9:16"]]}, "67": {"0": [["782", "9:13"]], "2": [["977", "9:12"]]}, "68": {"0": [["782", "9:14"]]}, "69": {"0": [["782", "9:14"]]}, "2": {"0": [["782", "9:1"]]}, "6": {"0": [["782", "9:1"], ["782", "9:11"]]}, "99": {"0": [["782", "9:16"]]}, "98": {"0": [["782", "9:16"]]}, "91": {"0": [["782", "9:16"]]}, "90": {"1": [["977", "9:17"]], "0": [["782", "9:15"]]}, "93": {"0": [["782", "9:16"]]}, "92": {"0": [["782", "9:16"]]}, "95": {"1": [["977", "9:18"]], "0": [["782", "9:16"]]}, "94": {"0": [["782", "9:16"]]}, "97": {"0": [["782", "9:16"]]}, "96": {"0": [["782", "9:16"]]}, "11": {"0": [["782", "9:2"]]}, "10": {"1": [["977", "9:3"]], "0": [["782", "9:1"], ["782", "9:11"], ["782", "9:12"], ["782", "9:2"]]}, "13": {"0": [["782", "9:12"], ["782", "9:2"]]}, "12": {"0": [["782", "9:12"], ["782", "9:2"]]}, "15": {"0": [["782", "9:3"], ["782", "9:7"]]}, "14": {"0": [["782", "9:3"], ["782", "9:7"]]}, "17": {"0": [["782", "9:3"], ["782", "9:7"]]}, "16": {"0": [["782", "9:3"], ["782", "9:7"]]}, "19": {"0": [["782", "9:3"]]}, "18": {"0": [["782", "9:3"], ["782", "9:7"]]}, "48": {"1": [["977", "9:7"]], "0": [["782", "9:10"]]}, "49": {"0": [["782", "9:10"]]}, "46": {"0": [["782", "9:9"]]}, "47": {"1": [["977", "9:6"]], "0": [["782", "9:9"]]}, "44": {"0": [["782", "9:9"]]}, "45": {"0": [["782", "9:9"]]}, "42": {"0": [["782", "9:9"]]}, "43": {"0": [["782", "9:9"]]}, "40": {"0": [["782", "9:8"]]}, "41": {"0": [["782", "9:8"]]}, "1": {"0": [["977", "9:1"], ["782", "9:1"]]}, "5": {"1": [["977", "9:2"]], "0": [["782", "9:1"], ["782", "9:11"]]}, "9": {"0": [["782", "9:1"]]}, "77": {"1": [["977", "9:15"]], "0": [["782", "9:15"]]}, "76": {"0": [["782", "9:15"]]}, "75": {"0": [["782", "9:15"]]}, "74": {"0": [["782", "9:15"]]}, "73": {"1": [["977", "9:14"]], "0": [["782", "9:15"]]}, "72": {"0": [["782", "9:14"]]}, "71": {"1": [["977", "9:13"]], "0": [["782", "9:14"]]}, "70": {"0": [["782", "9:14"]]}, "79": {"0": [["782", "9:15"]]}, "78": {"0": [["782", "9:15"]]}}, "8": {"56": {"0": [["782", "8:5"]]}, "54": {"1": [["977", "8:6"]], "0": [["782", "8:5"]]}, "42": {"0": [["782", "8:3"]]}, "48": {"0": [["782", "8:5"]]}, "43": {"0": [["782", "8:4"]]}, "60": {"0": [["782", "8:5"]]}, "61": {"0": [["782", "8:5"]]}, "62": {"0": [["782", "8:6"]]}, "63": {"0": [["782", "8:6"]]}, "64": {"0": [["782", "8:6"]]}, "53": {"0": [["782", "8:5"]]}, "52": {"0": [["782", "8:5"]]}, "24": {"0": [["782", "8:1"]]}, "25": {"0": [["782", "8:1"]]}, "26": {"0": [["782", "8:2"]]}, "27": {"0": [["782", "8:2"]]}, "20": {"0": [["782", "8:1"]]}, "21": {"0": [["782", "8:1"]]}, "22": {"0": [["782", "8:1"]]}, "23": {"0": [["782", "8:1"]]}, "46": {"0": [["782", "8:4"]]}, "47": {"0": [["782", "8:5"]]}, "44": {"0": [["782", "8:4"]]}, "45": {"1": [["977", "8:5"]], "0": [["782", "8:4"]]}, "28": {"0": [["782", "8:2"]]}, "29": {"0": [["782", "8:2"]]}, "40": {"1": [["977", "8:4"]], "0": [["782", "8:3"]]}, "41": {"0": [["782", "8:3"]]}, "1": {"0": [["782", "8:1"]]}, "3": {"0": [["782", "8:1"]]}, "2": {"0": [["782", "8:1"]]}, "5": {"0": [["782", "8:1"]]}, "4": {"0": [["782", "8:1"]]}, "7": {"0": [["782", "8:1"]]}, "6": {"0": [["782", "8:1"]]}, "9": {"0": [["782", "8:1"]]}, "8": {"0": [["782", "8:1"]]}, "51": {"0": [["782", "8:5"]]}, "49": {"0": [["782", "8:5"]]}, "39": {"0": [["782", "8:3"]]}, "65": {"0": [["782", "8:6"]]}, "38": {"0": [["782", "8:3"]]}, "59": {"0": [["782", "8:5"]]}, "58": {"0": [["782", "8:5"]]}, "11": {"0": [["782", "8:1"]]}, "10": {"1": [["977", "8:1"]], "0": [["782", "8:1"]]}, "13": {"0": [["782", "8:1"]]}, "12": {"0": [["782", "8:1"]]}, "15": {"0": [["782", "8:1"]]}, "14": {"0": [["782", "8:1"]]}, "17": {"0": [["782", "8:1"]]}, "16": {"0": [["782", "8:1"]]}, "19": {"0": [["782", "8:1"]]}, "18": {"1": [["977", "8:2"]], "0": [["782", "8:1"]]}, "31": {"0": [["782", "8:2"]]}, "30": {"0": [["782", "8:2"]]}, "37": {"0": [["782", "8:3"]]}, "36": {"0": [["782", "8:2"]]}, "35": {"0": [["782", "8:2"]]}, "34": {"1": [["977", "8:3"]], "0": [["782", "8:2"]]}, "33": {"0": [["782", "8:2"]]}, "55": {"0": [["782", "8:5"]]}, "32": {"0": [["782", "8:2"]]}, "57": {"0": [["782", "8:5"]]}, "50": {"0": [["782", "8:5"]]}}}