{"24": {"1": {"1": [["741", "24:1"], ["28", "25"]], "2": [["741", "24:1"]]}, "3": {"1": [["741", "24:3"]], "2": [["741", "24:3"], ["1", "25"]]}, "2": {"1": [["741", "24:2"]], "2": [["741", "24:2"]]}, "5": {"1": [["741", "24:5"], ["4", "30"]], "3": [["741", "24:5"]], "2": [["741", "24:5"]], "5": [["741", "24:5"]], "4": [["741", "24:5"]], "6": [["741", "24:5"]]}, "4": {"1": [["741", "24:4"]], "3": [["741", "24:4"]], "2": [["741", "24:4"]]}}, "20": {"1": {"1": [["741", "20:1"]]}, "3": {"1": [["741", "20:3"]], "2": [["741", "20:3"]]}, "2": {"1": [["741", "20:2"], ["2", "15"]], "2": [["741", "20:2"]]}, "5": {"1": [["741", "20:5"]], "3": [["741", "20:5"]], "2": [["741", "20:5"]]}, "4": {"1": [["741", "20:4"]]}}, "21": {"1": {"1": [["741", "21:1"]], "3": [["741", "21:1"]], "2": [["741", "21:1"]], "4": [["741", "21:1"]]}, "3": {"1": [["741", "21:3"]]}, "2": {"1": [["741", "21:2"]], "3": [["741", "21:2"]], "2": [["741", "21:2"]], "4": [["741", "21:2"]]}}, "22": {"1": {"1": [["741", "22:1"]], "2": [["741", "22:1"]]}, "3": {"1": [["741", "22:3"]], "2": [["741", "22:3"]]}, "2": {"1": [["741", "22:2"]]}, "5": {"1": [["741", "22:5"]], "3": [["741", "22:5"]], "2": [["741", "22:5"]]}, "4": {"1": [["741", "22:4"]], "2": [["741", "22:4"]]}, "6": {"1": [["741", "22:6"]], "3": [["741", "22:6"]], "2": [["741", "22:6"]]}}, "23": {"1": {"1": [["741", "23:1"]], "3": [["741", "23:1"]], "2": [["741", "23:1"]]}, "3": {"1": [["741", "23:3"]], "3": [["741", "23:3"]], "2": [["741", "23:3"]], "4": [["741", "23:3"]]}, "2": {"1": [["741", "23:2"]], "3": [["741", "23:2"]], "2": [["741", "23:2"]], "5": [["741", "23:2"]], "4": [["741", "23:2"]], "6": [["741", "23:2"], ["15", "4"]]}, "5": {"1": [["741", "23:5"]], "3": [["741", "23:5"]], "2": [["741", "23:5"]], "5": [["741", "23:5"]], "4": [["741", "23:5"]], "7": [["741", "23:5"], ["12", "33"]], "6": [["741", "23:5"]]}, "4": {"1": [["741", "23:4"]], "3": [["741", "23:4"]], "2": [["741", "23:4"]]}}, "1": {"11": {"1": [["741", "1:11"]], "2": [["741", "1:11"]]}, "10": {"1": [["741", "1:10"]], "3": [["741", "1:10"]], "2": [["741", "1:10"]]}, "1": {"11": [["741", "1:1"]], "10": [["741", "1:1"]], "12": [["741", "1:1"]], "1": [["741", "1:1"]], "3": [["741", "1:1"]], "2": [["741", "1:1"]], "5": [["741", "1:1"]], "4": [["741", "1:1"]], "7": [["741", "1:1"]], "6": [["741", "1:1"]], "9": [["741", "1:1"]], "8": [["741", "1:1"]]}, "3": {"1": [["741", "1:3"]], "3": [["741", "1:3"]], "2": [["741", "1:3"]]}, "2": {"1": [["741", "1:2"]], "3": [["741", "1:2"]], "2": [["741", "1:2"]], "5": [["741", "1:2"]], "4": [["741", "1:2"]], "7": [["741", "1:2"]], "6": [["741", "1:2"]], "8": [["741", "1:2"]]}, "5": {"1": [["741", "1:5"]], "2": [["741", "1:5"]]}, "4": {"1": [["741", "1:4"]]}, "7": {"1": [["741", "1:7"]], "2": [["741", "1:7"]]}, "6": {"1": [["741", "1:6"]], "3": [["741", "1:6"]], "2": [["741", "1:6"]], "4": [["741", "1:6"]]}, "9": {"1": [["741", "1:9"]], "3": [["741", "1:9"]], "2": [["741", "1:9"]]}, "8": {"1": [["741", "1:8"]], "3": [["741", "1:8"]], "2": [["741", "1:8"]]}}, "3": {"1": {"1": [["741", "3:1"]], "3": [["741", "3:1"]], "2": [["741", "3:1"]], "4": [["741", "3:1"]]}, "3": {"1": [["741", "3:3"]], "3": [["741", "3:3"]], "2": [["741", "3:3"]], "4": [["741", "3:3"]]}, "2": {"1": [["741", "3:2"]], "2": [["741", "3:2"]]}, "5": {"1": [["741", "3:5"]]}, "4": {"1": [["741", "3:4"]], "2": [["741", "3:4"]]}, "6": {"1": [["741", "3:6"]], "3": [["741", "3:6"]], "2": [["741", "3:6"]], "4": [["741", "3:6"]]}}, "2": {"1": {"1": [["741", "2:1"], ["32", "3"]], "3": [["741", "2:1"]], "2": [["741", "2:1"]]}, "3": {"1": [["741", "2:3"]]}, "2": {"1": [["741", "2:2"]]}, "5": {"1": [["741", "2:5"]], "3": [["741", "2:5"]], "2": [["741", "2:5"]]}, "4": {"1": [["741", "2:4"]], "3": [["741", "2:4"]], "2": [["741", "2:4"]], "4": [["741", "2:4"]]}, "7": {"1": [["741", "2:7"]], "3": [["741", "2:7"]], "2": [["741", "2:7"]]}, "6": {"1": [["741", "2:6"]]}}, "5": {"1": {"1": [["741", "5:1"]], "3": [["741", "5:1"]], "2": [["741", "5:1"]], "5": [["741", "5:1"]], "4": [["741", "5:1"]]}, "3": {"1": [["741", "5:3"]], "2": [["741", "5:3"]]}, "2": {"1": [["741", "5:2"]], "3": [["741", "5:2"]], "2": [["741", "5:2"]]}, "4": {"1": [["741", "5:4"]], "3": [["741", "5:4"]], "2": [["741", "5:4"]], "5": [["741", "5:4"]], "4": [["741", "5:4"]]}}, "4": {"1": {"1": [["741", "4:1"]], "2": [["741", "4:1"]]}, "2": {"1": [["741", "4:2"]], "3": [["741", "4:2"]], "2": [["741", "4:2"]], "5": [["741", "4:2"]], "4": [["741", "4:2"]]}}, "7": {"1": {"1": [["741", "7:1"]], "3": [["741", "7:1"]], "2": [["741", "7:1"]], "4": [["741", "7:1"]]}, "3": {"1": [["741", "7:3"]]}, "2": {"11": [["741", "7:2"]], "10": [["741", "7:2"]], "13": [["741", "7:2"]], "12": [["741", "7:2"], ["2", "35"]], "14": [["741", "7:2"]], "1": [["741", "7:2"], ["2", "37"], ["5", "28"], ["3", "23"], ["1", "39"]], "3": [["741", "7:2"]], "2": [["741", "7:2"]], "5": [["741", "7:2"]], "4": [["741", "7:2"], ["12", "28"]], "7": [["741", "7:2"]], "6": [["741", "7:2"]], "9": [["741", "7:2"]], "8": [["741", "7:2"]]}, "4": {"1": [["741", "7:4"]], "3": [["741", "7:4"]], "2": [["741", "7:4"]], "4": [["741", "7:4"]]}}, "6": {"1": {"1": [["741", "6:1"]], "3": [["741", "6:1"]], "2": [["741", "6:1"]], "5": [["741", "6:1"]], "4": [["741", "6:1"]], "7": [["741", "6:1"]], "6": [["741", "6:1"]], "9": [["741", "6:1"]], "8": [["741", "6:1"]]}, "3": {"1": [["741", "6:3"]], "3": [["741", "6:3"]], "2": [["741", "6:3"]]}, "2": {"1": [["741", "6:2"]], "3": [["741", "6:2"]], "2": [["741", "6:2"]], "5": [["741", "6:2"]], "4": [["741", "6:2"]]}, "5": {"1": [["741", "6:5"]], "3": [["741", "6:5"]], "2": [["741", "6:5"]], "5": [["741", "6:5"]], "4": [["741", "6:5"]], "6": [["741", "6:5"]]}, "4": {"1": [["741", "6:4"]], "2": [["741", "6:4"]]}, "7": {"1": [["741", "6:7"]]}, "6": {"1": [["741", "6:6"]]}, "9": {"1": [["741", "6:9"]]}, "8": {"1": [["741", "6:8"]], "3": [["741", "6:8"]], "2": [["741", "6:8"]], "5": [["741", "6:8"]], "4": [["741", "6:8"]]}}, "9": {"1": {"1": [["741", "9:1"]], "2": [["741", "9:1"]]}, "3": {"1": [["741", "9:3"]], "3": [["741", "9:3"], ["1", "34"]], "2": [["741", "9:3"]]}, "2": {"1": [["741", "9:2"]], "3": [["741", "9:2"]], "2": [["741", "9:2"]]}, "5": {"1": [["741", "9:5"]], "3": [["741", "9:5"]], "2": [["741", "9:5"]], "5": [["741", "9:5"]], "4": [["741", "9:5"]], "6": [["741", "9:5"]]}, "4": {"1": [["741", "9:4"]], "2": [["741", "9:4"]]}, "7": {"1": [["741", "9:7"]], "3": [["741", "9:7"]], "2": [["741", "9:7"]], "5": [["741", "9:7"]], "4": [["741", "9:7"]], "7": [["741", "9:7"]], "6": [["741", "9:7"]]}, "6": {"1": [["741", "9:6"]], "3": [["741", "9:6"]], "2": [["741", "9:6"]]}}, "8": {"1": {"1": [["741", "8:1"]], "3": [["741", "8:1"]], "2": [["741", "8:1"], ["1", "24"]], "5": [["741", "8:1"]], "4": [["741", "8:1"]]}, "3": {"1": [["741", "8:3"]], "3": [["741", "8:3"]], "2": [["741", "8:3"]], "4": [["741", "8:3"]]}, "2": {"1": [["741", "8:2"]], "3": [["741", "8:2"]], "2": [["741", "8:2"]], "4": [["741", "8:2"]]}, "5": {"1": [["741", "8:5"]]}, "4": {"1": [["741", "8:4"]], "3": [["741", "8:4"]], "2": [["741", "8:4"]]}, "7": {"1": [["741", "8:7"], ["13", "36"]], "3": [["741", "8:7"]], "2": [["741", "8:7"]]}, "6": {"1": [["741", "8:6"]], "2": [["741", "8:6"]]}}, "11": {"1": {"1": [["741", "11:1"]]}, "3": {"1": [["741", "11:3"]], "2": [["741", "11:3"]]}, "2": {"1": [["741", "11:2"]], "2": [["741", "11:2"]]}, "5": {"1": [["741", "11:5"]], "2": [["741", "11:5"]]}, "4": {"1": [["741", "11:4"]], "3": [["741", "11:4"]], "2": [["741", "11:4"]]}, "6": {"1": [["741", "11:6"]], "3": [["741", "11:6"]], "2": [["741", "11:6"]]}}, "10": {"1": {"1": [["741", "10:1"]], "3": [["741", "10:1"]], "2": [["741", "10:1"]], "4": [["741", "10:1"]]}, "3": {"1": [["741", "10:3"], ["4", "7"]], "3": [["741", "10:3"]], "2": [["741", "10:3"]], "5": [["741", "10:3"]], "4": [["741", "10:3"]], "6": [["741", "10:3"]]}, "2": {"1": [["741", "10:2"]], "2": [["741", "10:2"]]}, "5": {"1": [["741", "10:5"], ["4", "15"]], "3": [["741", "10:5"]], "2": [["741", "10:5"]], "4": [["741", "10:5"]]}, "4": {"1": [["741", "10:4"]], "3": [["741", "10:4"]], "2": [["741", "10:4"]]}, "6": {"1": [["741", "10:6"], ["1", "2"]], "3": [["741", "10:6"]], "2": [["741", "10:6"]]}}, "13": {"1": {"1": [["741", "13:1"]], "2": [["741", "13:1"]]}, "3": {"1": [["741", "13:3"]]}, "2": {"1": [["741", "13:2"]], "3": [["741", "13:2"]], "2": [["741", "13:2"]]}, "5": {"1": [["741", "13:5"]], "2": [["741", "13:5"]]}, "4": {"1": [["741", "13:4"]]}, "7": {"1": [["741", "13:7"]], "3": [["741", "13:7"]], "2": [["741", "13:7"]]}, "6": {"1": [["741", "13:6"]]}}, "12": {"1": {"1": [["741", "12:1"]], "3": [["741", "12:1"]], "2": [["741", "12:1"]], "5": [["741", "12:1"]], "4": [["741", "12:1"]], "7": [["741", "12:1"]], "6": [["741", "12:1"]], "8": [["741", "12:1"]]}, "3": {"1": [["741", "12:3"]], "2": [["741", "12:3"]]}, "2": {"1": [["741", "12:2"]], "3": [["741", "12:2"]], "2": [["741", "12:2"]], "5": [["741", "12:2"]], "4": [["741", "12:2"]]}, "5": {"1": [["741", "12:5"]], "2": [["741", "12:5"]]}, "4": {"1": [["741", "12:4"]], "2": [["741", "12:4"]]}, "6": {"1": [["741", "12:6"]], "3": [["741", "12:6"]], "2": [["741", "12:6"], ["3", "4"]]}}, "15": {"1": {"1": [["741", "15:1"]]}, "3": {"1": [["741", "15:3"]], "3": [["741", "15:3"]], "2": [["741", "15:3"], ["1", "49"]], "5": [["741", "15:3"]], "4": [["741", "15:3"]], "6": [["741", "15:3"]]}, "2": {"10": [["741", "15:2"]], "1": [["741", "15:2"]], "3": [["741", "15:2"]], "2": [["741", "15:2"]], "5": [["741", "15:2"]], "4": [["741", "15:2"]], "7": [["741", "15:2"]], "6": [["741", "15:2"]], "9": [["741", "15:2"]], "8": [["741", "15:2"]]}}, "14": {"1": {"1": [["741", "14:1"]], "3": [["741", "14:1"]], "2": [["741", "14:1"]]}, "3": {"1": [["741", "14:3"]], "3": [["741", "14:3"]], "2": [["741", "14:3"]], "4": [["741", "14:3"]]}, "2": {"1": [["741", "14:2"]]}, "4": {"1": [["741", "14:4"], ["28", "10"]], "2": [["741", "14:4"]]}}, "17": {"1": {"1": [["741", "17:1"]], "2": [["741", "17:1"]]}, "3": {"1": [["741", "17:3"]]}, "2": {"1": [["741", "17:2"]]}, "5": {"1": [["741", "17:5"]]}, "4": {"1": [["741", "17:4"]]}, "7": {"1": [["741", "17:7"]]}, "6": {"1": [["741", "17:6"]], "2": [["741", "17:6"]]}, "8": {"1": [["741", "17:8"]]}}, "16": {"1": {"1": [["741", "16:1"]]}, "3": {"1": [["741", "16:3"]]}, "2": {"1": [["741", "16:2"]], "2": [["741", "16:2"]]}, "5": {"1": [["741", "16:5"]], "3": [["741", "16:5"]], "2": [["741", "16:5"]]}, "4": {"1": [["741", "16:4"]], "3": [["741", "16:4"]], "2": [["741", "16:4"]], "4": [["741", "16:4"]]}, "7": {"1": [["741", "16:7"]], "3": [["741", "16:7"]], "2": [["741", "16:7"]]}, "6": {"1": [["741", "16:6"]]}, "8": {"1": [["741", "16:8"]], "2": [["741", "16:8"]]}}, "19": {"1": {"1": [["741", "19:1"]], "3": [["741", "19:1"]], "2": [["741", "19:1"]], "4": [["741", "19:1"]]}, "3": {"1": [["741", "19:3"]], "3": [["741", "19:3"]], "2": [["741", "19:3"]]}, "2": {"1": [["741", "19:2"]], "2": [["741", "19:2"]]}, "5": {"1": [["741", "19:5"]], "2": [["741", "19:5"]]}, "4": {"1": [["741", "19:4"]], "2": [["741", "19:4"]]}, "6": {"1": [["741", "19:6"], ["2", "12"]], "2": [["741", "19:6"]]}}, "18": {"1": {"10": [["741", "18:1"]], "1": [["741", "18:1"]], "3": [["741", "18:1"]], "2": [["741", "18:1"]], "5": [["741", "18:1"]], "4": [["741", "18:1"]], "7": [["741", "18:1"]], "6": [["741", "18:1"]], "9": [["741", "18:1"]], "8": [["741", "18:1"]]}, "3": {"1": [["741", "18:3"]], "2": [["741", "18:3"]]}, "2": {"1": [["741", "18:2"]], "3": [["741", "18:2"]], "2": [["741", "18:2"]], "5": [["741", "18:2"]], "4": [["741", "18:2"], ["27", "42"]]}}}