{"25": {"1": {"1": [["1325", "32b"], ["1319", "124a"], ["4737", "25:1"]]}}, "20": {"1": {"1": [["4737", "20:1"]]}, "14": {"1": [["4737", "20:14"]]}, "4": {"1": [["4737", "20:4"]]}}, "21": {"1": {"1": [["4737", "21:1"]]}, "10": {"1": [["4737", "21:10"]]}, "3": {"1": [["4737", "21:3"]]}, "33": {"1": [["4737", "21:33"]]}, "11": {"1": [["4737", "21:11"]]}}, "22": {"25": {"1": [["4737", "22:25"]]}, "2": {"1": [["4737", "22:2"]]}, "5": {"1": [["4737", "22:5"]]}, "17": {"1": [["4737", "22:17"]]}, "32": {"1": [["4737", "22:32"]]}}, "23": {"8": {"1": [["1325", "18a"], ["4737", "23:8"]]}, "12": {"1": [["4737", "23:12"]]}}, "1": {"11": {"1": [["4737", "1:11"]]}, "10": {"1": [["1351", "19b"], ["4737", "1:10"]]}, "12": {"1": [["4737", "1:12"]]}, "16": {"1": [["4737", "1:16"]]}, "5": {"1": [["1333", "42a"], ["4737", "1:5"]]}, "7": {"1": [["4737", "1:7"]]}, "8": {"1": [["4737", "1:8"]], "3": [["4737", "1:8"]], "2": [["4737", "1:8"]]}}, "3": {"11": {"1": [["4737", "3:11"]]}, "10": {"1": [["4737", "3:10"]], "2": [["4737", "3:10"]]}, "16": {"1": [["4737", "3:16"]]}, "18": {"1": [["4737", "3:18"]], "2": [["4737", "3:18"]]}, "2": {"1": [["4737", "3:2"]]}, "4": {"1": [["4737", "3:4"]]}, "7": {"1": [["4737", "3:7"]]}, "9": {"1": [["4737", "3:9"]]}, "8": {"1": [["4737", "3:8"]]}}, "2": {"24": {"1": [["4737", "2:24"]]}, "10": {"1": [["4737", "2:10"]]}, "13": {"1": [["4737", "2:13"]]}, "20": {"1": [["4737", "2:20"]]}, "14": {"1": [["4737", "2:14"]]}, "17": {"1": [["4737", "2:17"]], "2": [["4737", "2:17"]]}, "16": {"1": [["4737", "2:16"]]}, "18": {"1": [["4737", "2:18"]]}, "23": {"1": [["4737", "2:23"]]}, "25": {"1": [["4737", "2:25"]]}, "21": {"1": [["4737", "2:21"]], "2": [["4737", "2:21"]]}}, "5": {"19": {"1": [["4737", "5:19"]]}, "6": {"1": [["4737", "5:6"]]}, "12": {"1": [["4737", "5:12"]]}, "4": {"1": [["1321", "24a"], ["4737", "5:4"]]}, "16": {"1": [["4737", "5:16"]], "2": [["4737", "5:16"]]}}, "4": {"1": {"1": [["4737", "4:1"]], "2": [["4737", "4:1"]]}, "3": {"1": [["4737", "4:3"]]}, "2": {"1": [["4737", "4:2"]]}, "4": {"1": [["4737", "4:4"]]}}, "7": {"4": {"1": [["4737", "7:4"]]}}, "6": {"24": {"1": [["4737", "6:24"]]}, "20": {"1": [["4737", "6:20"]]}, "17": {"1": [["4737", "6:17"]]}, "23": {"1": [["4737", "6:23"]]}, "3": {"1": [["4737", "6:3"]]}, "4": {"1": [["4737", "6:4"]], "2": [["4737", "6:4"]]}, "6": {"1": [["4737", "6:6"]]}, "9": {"1": [["4737", "6:9"]]}}, "9": {"11": {"1": [["4737", "9:11"]]}, "10": {"1": [["4737", "9:10"]]}, "16": {"1": [["4737", "9:16"]]}, "1": {"1": [["4737", "9:1"]]}, "5": {"1": [["4737", "9:5"]]}, "4": {"1": [["4737", "9:4"]]}, "6": {"1": [["4737", "9:6"]]}}, "8": {"13": {"1": [["4737", "8:13"]]}, "15": {"1": [["4737", "8:15"]]}, "14": {"1": [["4737", "8:14"]]}, "16": {"1": [["4737", "8:16"]]}, "1": {"1": [["1328", "2b"], ["4737", "8:1"]]}, "3": {"1": [["4737", "8:3"]]}, "2": {"1": [["4737", "8:2"]]}, "5": {"1": [["4737", "8:5"]]}, "4": {"1": [["4737", "8:4"]], "2": [["4737", "8:4"]]}, "9": {"1": [["4737", "8:9"]]}}, "11": {"1": {"1": [["4737", "11:1"]]}, "10": {"1": [["4737", "11:10"]]}, "2": {"1": [["4737", "11:2"]]}, "4": {"1": [["4737", "11:4"]], "2": [["4737", "11:4"]]}, "7": {"1": [["4737", "11:7"]]}}, "10": {"13": {"1": [["4737", "10:13"]]}, "12": {"1": [["4737", "10:12"]]}, "20": {"1": [["4737", "10:20"]]}, "14": {"1": [["4737", "10:14"]]}, "23": {"1": [["4737", "10:23"]]}, "19": {"1": [["4737", "10:19"]]}, "18": {"1": [["4737", "10:18"]]}, "3": {"1": [["4737", "10:3"]]}, "2": {"1": [["4737", "10:2"]]}, "5": {"1": [["4737", "10:5"]]}, "4": {"1": [["4737", "10:4"]]}}, "13": {"11": {"1": [["4737", "13:11"]]}, "13": {"1": [["4737", "13:13"]]}, "12": {"1": [["4737", "13:12"]]}, "20": {"1": [["4737", "13:20"]]}, "14": {"1": [["4737", "13:14"]]}, "22": {"1": [["4737", "13:22"]]}, "3": {"1": [["4737", "13:3"]]}, "8": {"1": [["4737", "13:8"]]}, "9": {"1": [["4737", "13:9"]], "2": [["4737", "13:9"]]}, "15": {"1": [["4737", "13:15"]]}}, "12": {"10": {"1": [["4737", "12:10"]]}, "13": {"1": [["4737", "12:13"]]}, "14": {"1": [["4737", "12:14"]]}, "17": {"1": [["4737", "12:17"]]}, "18": {"1": [["4737", "12:18"]]}, "1": {"1": [["4737", "12:1"]]}, "8": {"1": [["4737", "12:8"]]}}, "15": {"12": {"1": [["4737", "15:12"]]}, "15": {"1": [["4737", "15:15"]]}, "14": {"1": [["4737", "15:14"]]}, "16": {"1": [["4737", "15:16"]], "2": [["1320", "88b"], ["4737", "15:16"]]}, "3": {"1": [["4737", "15:3"]]}, "2": {"1": [["4737", "15:2"]]}, "4": {"1": [["4737", "15:4"]]}, "9": {"1": [["4737", "15:9"]]}}, "14": {"11": {"1": [["4737", "14:11"]]}, "17": {"1": [["4737", "14:17"]]}, "1": {"1": [["4737", "14:1"]]}, "7": {"1": [["4737", "14:7"]], "2": [["4737", "14:7"]]}, "6": {"1": [["4737", "14:6"]]}, "9": {"1": [["4737", "14:9"]], "2": [["1320", "78a"], ["4737", "14:9"]]}}, "16": {"10": {"1": [["4737", "16:10"]]}, "20": {"1": [["4737", "16:20"]]}, "23": {"1": [["4737", "16:23"]]}, "16": {"1": [["4737", "16:16"]]}, "2": {"1": [["4737", "16:2"]]}, "7": {"1": [["4737", "16:7"]]}, "8": {"1": [["4737", "16:8"]]}, "9": {"1": [["4737", "16:9"]]}, "15": {"1": [["4737", "16:15"]], "2": [["4737", "16:15"]]}}, "19": {"9": {"1": [["4737", "19:9"]]}}}