{"216": {"12": {"1": [["1345", "108b:12"]]}, "18": {"1": [["1338", "31b"], ["1345", "108b:18"]]}, "30": {"1": [["1345", "108b:30"]]}, "42": {"1": [["1345", "108b:42"]]}, "1": {"1": [["1345", "108b:1"]]}, "5": {"1": [["1323", "62b"], ["1345", "108b:5"]]}, "47": {"1": [["1345", "108b:47"]]}}, "217": {"19": {"1": [["1352", "15a"], ["1345", "109a:19"]], "2": [["1345", "109a:19"]]}, "24": {"1": [["1345", "109a:24"]]}, "15": {"1": [["1346", "15b"], ["1345", "109a:15"]]}, "6": {"1": [["1345", "109a:6"]]}}, "214": {"39": {"1": [["1345", "107b:39"]]}, "16": {"1": [["1340", "62b"], ["1345", "107b:16"]]}, "32": {"1": [["1345", "107b:32"]]}, "30": {"1": [["1345", "107b:30"]]}, "41": {"1": [["1345", "107b:41"]]}, "60": {"1": [["1346", "26b"], ["1346", "58a"], ["1345", "107b:60"]]}, "4": {"1": [["1345", "107b:4"]]}}, "215": {"25": {"1": [["1347", "101a"], ["1345", "108a:25"]]}, "18": {"1": [["1345", "108a:18"]]}}, "212": {"1": {"1": [["1345", "106b:1"]]}, "33": {"1": [["1345", "106b:33"]]}, "13": {"1": [["1345", "106b:13"]]}, "29": {"1": [["1345", "106b:29"]]}, "22": {"1": [["1329", "11b"], ["1347", "96b"], ["1333", "52a"], ["1345", "106b:22"]]}}, "213": {"33": {"1": [["1345", "107a:33"]]}, "2": {"1": [["1345", "107a:2"]]}, "16": {"1": [["1345", "107a:16"]]}, "15": {"1": [["1345", "107a:15"]]}, "23": {"1": [["1338", "95b"], ["1340", "66b"], ["1345", "107a:23"]]}}, "210": {"10": {"1": [["1347", "102b"], ["1345", "105b:10"]]}, "45": {"1": [["1345", "105b:45"]]}, "4": {"1": [["1345", "105b:4"]]}, "23": {"1": [["1347", "117b"], ["1346", "24a"], ["1345", "105b:23"]]}}, "211": {"46": {"1": [["1320", "96a"], ["1341", "13b"], ["1345", "106a:46"]]}, "37": {"1": [["1345", "106a:37"]]}, "50": {"1": [["1340", "63a"], ["1340", "61a"], ["1340", "60b"], ["1345", "106a:50"]]}}, "165": {"39": {"1": [["1345", "83a:39"]]}, "27": {"1": [["1345", "83a:27"]]}, "36": {"1": [["1339", "28a"], ["1345", "83a:36"]]}}, "218": {"26": {"1": [["1345", "109b:26"]]}, "43": {"1": [["1345", "109b:43"]]}}, "219": {"54": {"1": [["1346", "27a"], ["1345", "110a:54"]]}, "26": {"1": [["1345", "110a:26"]]}, "42": {"1": [["1345", "110a:42"]]}, "36": {"1": [["1345", "110a:36"]]}, "62": {"1": [["1345", "110a:62"]]}}, "133": {"23": {"1": [["1323", "41a"], ["1345", "67a:23"]]}, "18": {"1": [["1345", "67a:18"]]}, "31": {"1": [["1345", "67a:31"]]}, "2": {"1": [["1345", "67a:2"]]}, "5": {"1": [["1345", "67a:5"]]}, "7": {"1": [["1345", "67a:7"]]}}, "91": {"13": {"1": [["1345", "46a:13"]]}, "12": {"1": [["1345", "46a:12"]]}, "20": {"1": [["1343", "29b"], ["1345", "46a:20"]]}, "22": {"1": [["1347", "113b"], ["1345", "46a:22"]]}, "30": {"1": [["1345", "46a:30"]]}, "1": {"1": [["1340", "83a"], ["1345", "46a:1"]]}, "9": {"1": [["1346", "52a"], ["1345", "46a:9"]]}, "15": {"1": [["1345", "46a:15"]]}}, "131": {"24": {"1": [["1345", "66a:24"]]}, "3": {"1": [["1345", "66a:3"]]}, "28": {"1": [["1345", "66a:28"]]}, "22": {"1": [["1345", "66a:22"]]}}, "130": {"1": {"1": [["1345", "65b:1"]]}, "2": {"1": [["1345", "65b:2"]]}, "14": {"1": [["1345", "65b:14"]]}, "21": {"1": [["1345", "65b:21"]]}}, "137": {"21": {"1": [["1345", "69a:21"]]}, "18": {"1": [["1345", "69a:18"]]}, "43": {"1": [["1345", "69a:43"]]}, "1": {"1": [["1345", "69a:1"]]}, "3": {"1": [["1345", "69a:3"]]}, "7": {"1": [["1345", "69a:7"]]}}, "136": {"19": {"1": [["1345", "68b:19"]]}, "18": {"1": [["1345", "68b:18"]]}, "34": {"1": [["1345", "68b:34"]]}, "1": {"1": [["1340", "59a"], ["1345", "68b:1"]]}, "4": {"1": [["1345", "68b:4"]]}, "6": {"1": [["1345", "68b:6"]]}, "8": {"1": [["1345", "68b:8"]]}}, "135": {"9": {"1": [["1347", "85b"], ["1345", "68a:9"]]}, "8": {"1": [["4", "10"], ["1346", "28a"], ["1319", "36a"], ["1343", "47a"], ["1324", "34a"], ["1345", "68a:8"]]}, "3": {"1": [["1345", "68a:3"]]}, "12": {"1": [["1345", "68a:12"]]}, "11": {"1": [["1345", "68a:11"]], "2": [["1345", "68a:11"]]}}, "90": {"30": {"1": [["1346", "25b"], ["1345", "45b:30"]]}, "15": {"1": [["1330", "33a"], ["1351", "23b"], ["1345", "45b:15"]]}, "21": {"1": [["1345", "45b:21"]]}, "34": {"1": [["1345", "45b:34"]]}}, "139": {"12": {"1": [["1345", "70a:12"]]}, "21": {"1": [["1345", "70a:21"]]}, "22": {"1": [["1345", "70a:22"]]}, "28": {"1": [["1345", "70a:28"]]}, "34": {"1": [["1345", "70a:34"]]}, "27": {"1": [["3", "17"], ["1345", "70a:27"]]}, "2": {"1": [["1345", "70a:2"]]}, "4": {"1": [["1347", "70b"], ["1345", "70a:4"]]}}, "138": {"1": {"1": [["1347", "100b"], ["1345", "69b:1"]]}, "25": {"1": [["1347", "57b"], ["1345", "69b:25"]]}, "13": {"1": [["1354", "31a"], ["1345", "69b:13"]]}, "16": {"1": [["1345", "69b:16"]]}}, "93": {"1": {"1": [["1345", "47a:1"]]}, "30": {"1": [["1334", "14b"], ["1346", "82b"], ["1346", "78b"], ["1345", "47a:30"]]}}, "24": {"1": {"1": [["1323", "64a"], ["1324", "33b"], ["1345", "12b:1"]]}, "13": {"1": [["1345", "12b:13"]]}, "27": {"1": [["1345", "12b:27"]]}, "34": {"1": [["1345", "12b:34"]]}}, "25": {"46": {"1": [["1336", "28b"], ["1345", "13a:46"]]}, "26": {"1": [["1345", "13a:26"]]}, "27": {"1": [["1345", "13a:27"]]}}, "26": {"18": {"1": [["1345", "13b:18"]]}, "3": {"1": [["1345", "13b:3"]]}, "14": {"1": [["1345", "13b:14"]]}, "17": {"1": [["1345", "13b:17"]]}, "40": {"1": [["1345", "13b:40"]]}}, "27": {"25": {"1": [["1345", "14a:25"]]}, "15": {"1": [["1345", "14a:15"]]}, "14": {"1": [["1335", "54b"], ["1346", "14a"], ["1345", "14a:14"]]}}, "20": {"24": {"1": [["1345", "10b:24"]]}, "8": {"1": [["1345", "10b:8"]]}, "39": {"1": [["1345", "10b:39"]]}, "66": {"1": [["1346", "8a"], ["1345", "10b:66"]]}, "6": {"1": [["1345", "10b:6"]]}}, "21": {"1": {"1": [["1345", "11a:1"]]}, "59": {"1": [["1345", "11a:59"]]}, "27": {"1": [["1345", "11a:27"]]}, "37": {"1": [["1345", "11a:37"]]}, "35": {"1": [["1345", "11a:35"]]}}, "22": {"57": {"1": [["1327", "28a"], ["1345", "11b:57"]]}, "45": {"1": [["1345", "11b:45"]]}, "4": {"1": [["1345", "11b:4"]]}}, "23": {"11": {"1": [["1321", "58a"], ["1345", "12a:11"]]}, "26": {"1": [["1345", "12a:26"]]}, "27": {"1": [["1345", "12a:27"]]}, "15": {"1": [["1345", "12a:15"]]}, "42": {"1": [["1321", "98a"], ["1324", "33a"], ["1345", "12a:42"]]}, "36": {"1": [["1345", "12a:36"]], "2": [["1345", "12a:36"]]}, "40": {"1": [["1350", "11b"], ["1345", "12a:40"]]}, "20": {"1": [["1345", "12a:20"]]}}, "95": {"39": {"1": [["1351", "22b"], ["1345", "48a:39"]]}, "38": {"1": [["1345", "48a:38"]]}, "19": {"1": [["1345", "48a:19"]]}, "18": {"1": [["1335", "41b"], ["1345", "48a:18"]]}, "35": {"1": [["1351", "10b"], ["1345", "48a:35"]]}, "41": {"1": [["1345", "48a:41"]]}, "3": {"1": [["1345", "48a:3"]]}, "8": {"1": [["1345", "48a:8"]]}}, "28": {"10": {"1": [["1345", "14b:10"]]}, "12": {"1": [["1345", "14b:12"]]}, "23": {"1": [["1346", "20a"], ["1345", "14b:23"]]}, "32": {"1": [["1345", "14b:32"]]}, "1": {"1": [["1348", "45b"], ["1345", "14b:1"]]}, "18": {"1": [["1345", "14b:18"]]}}, "29": {"24": {"1": [["1345", "15a:24"]]}, "27": {"1": [["1345", "15a:27"]], "2": [["1345", "15a:27"]]}}, "94": {"19": {"1": [["1345", "47b:19"]]}, "3": {"1": [["3", "4"], ["1345", "47b:3"]]}, "16": {"1": [["1345", "47b:16"]], "2": [["3", "4"], ["1345", "47b:16"]]}}, "4": {"39": {"1": [["1345", "2b:39"]]}, "15": {"1": [["1345", "2b:15"]], "2": [["1345", "2b:15"]]}, "22": {"1": [["1321", "59b"], ["1345", "2b:22"]]}, "47": {"1": [["1345", "2b:47"]]}, "40": {"1": [["1345", "2b:40"]]}, "3": {"1": [["1345", "2b:3"]]}}, "161": {"27": {"1": [["1346", "22b"], ["1345", "81a:27"]]}, "4": {"1": [["1345", "81a:4"]]}}, "8": {"20": {"1": [["1345", "4b:20"]]}, "17": {"1": [["1345", "4b:17"]]}, "23": {"1": [["1345", "4b:23"]]}, "45": {"1": [["1350", "28b"], ["1337", "40b"], ["1345", "4b:45"]]}, "61": {"1": [["1345", "4b:61"]]}, "3": {"1": [["1321", "62b"], ["1345", "4b:3"]]}}, "163": {"33": {"1": [["1345", "82a:33"]]}, "69": {"1": [["1345", "82a:69"]]}, "9": {"1": [["1345", "82a:9"]]}, "14": {"1": [["1345", "82a:14"]]}, "22": {"1": [["1321", "43b"], ["1345", "82a:22"]]}}, "119": {"37": {"1": [["1345", "60a:37"]]}, "12": {"1": [["1319", "55a"], ["1345", "60a:12"]]}, "20": {"1": [["1345", "60a:20"]]}, "35": {"1": [["1345", "60a:35"]]}}, "120": {"30": {"1": [["1346", "95a"], ["1345", "60b:30"]]}, "14": {"1": [["8", "9"], ["4", "18"], ["1354", "46b"], ["1342", "16a"], ["1330", "82b"], ["1330", "81a"], ["1345", "60b:14"]]}}, "121": {"1": {"1": [["1345", "61a:1"]]}, "3": {"1": [["1323", "62b"], ["1353", "30b"], ["1345", "61a:3"]]}}, "122": {"1": {"1": [["1345", "61b:1"]]}, "27": {"1": [["1345", "61b:27"]]}, "5": {"1": [["1346", "95a"], ["1345", "61b:5"]]}}, "123": {"1": {"1": [["1345", "62a:1"]]}, "8": {"1": [["1347", "83b"], ["1345", "62a:8"]]}, "17": {"1": [["1345", "62a:17"]], "2": [["1345", "62a:17"]]}, "22": {"1": [["1347", "83b"], ["1345", "62a:22"]]}}, "124": {"11": {"1": [["1339", "88b"], ["1345", "62b:11"]]}, "54": {"1": [["1345", "62b:54"]]}, "63": {"1": [["1345", "62b:63"]]}, "60": {"1": [["1345", "62b:60"]]}}, "125": {"2": {"1": [["1345", "63a:2"]], "2": [["1346", "97b"], ["1345", "63a:2"]]}, "5": {"1": [["1345", "63a:5"]]}}, "126": {"1": {"1": [["1345", "63b:1"]]}, "5": {"1": [["1345", "63b:5"]]}, "22": {"1": [["1345", "63b:22"]]}, "6": {"1": [["3", "6"], ["1346", "61a"], ["1345", "63b:6"]], "2": [["1345", "63b:6"]]}}, "127": {"10": {"1": [["1345", "64a:10"]]}, "12": {"1": [["1345", "64a:12"]]}, "15": {"1": [["1345", "64a:15"]], "2": [["1345", "64a:15"]]}, "14": {"1": [["1345", "64a:14"]]}, "1": {"1": [["1345", "64a:1"]]}, "3": {"1": [["1345", "64a:3"]]}, "5": {"1": [["1345", "64a:5"]]}}, "128": {"23": {"1": [["1345", "64b:23"]]}, "20": {"1": [["1345", "64b:20"]]}, "41": {"1": [["1345", "64b:41"]]}, "22": {"1": [["1345", "64b:22"]]}, "16": {"1": [["1345", "64b:16"]]}}, "129": {"24": {"1": [["1345", "65a:24"]]}, "26": {"1": [["1345", "65a:26"]]}, "20": {"1": [["1345", "65a:20"]]}, "14": {"1": [["1345", "65a:14"]]}, "48": {"1": [["1345", "65a:48"]]}, "23": {"1": [["1323", "45a"], ["1345", "65a:23"]]}, "19": {"1": [["1345", "65a:19"]]}, "37": {"1": [["1345", "65a:37"]]}, "8": {"1": [["1330", "68b"], ["1345", "65a:8"]]}}, "118": {"1": {"1": [["1345", "59b:1"]]}, "32": {"1": [["14", "41"], ["1345", "59b:32"]]}, "31": {"1": [["1345", "59b:31"]]}}, "134": {"9": {"1": [["1345", "67b:9"]]}, "7": {"1": [["1345", "67b:7"]]}}, "59": {"26": {"1": [["1330", "36a"], ["1345", "30a:26"]]}, "27": {"1": [["1345", "30a:27"]]}, "15": {"1": [["1321", "83a"], ["1345", "30a:15"]]}, "16": {"1": [["1345", "30a:16"]]}, "9": {"1": [["1332", "69b"], ["1345", "30a:9"]]}, "8": {"1": [["1337", "73b"], ["1345", "30a:8"]]}}, "58": {"13": {"1": [["1345", "29b:13"]]}, "50": {"1": [["1347", "29b"], ["1345", "29b:50"]]}}, "132": {"20": {"1": [["1345", "66b:20"]]}, "2": {"1": [["1345", "66b:2"]]}, "15": {"1": [["1345", "66b:15"]]}, "17": {"1": [["1345", "66b:17"]]}}, "55": {"25": {"1": [["1347", "122b"], ["1345", "28a:25"]]}, "2": {"1": [["1346", "17a"], ["1345", "28a:2"]]}, "37": {"1": [["1345", "28a:37"]]}, "35": {"1": [["1345", "28a:35"]]}, "38": {"1": [["1345", "28a:38"]]}}, "54": {"38": {"1": [["1345", "27b:38"]]}, "22": {"1": [["1345", "27b:22"]]}}, "57": {"33": {"1": [["1345", "29a:33"]]}, "37": {"1": [["1345", "29a:37"]]}, "7": {"1": [["1345", "29a:7"]]}, "22": {"1": [["1321", "81a"], ["1345", "29a:22"]]}}, "16": {"27": {"1": [["1337", "63a"], ["1345", "8b:27"]]}, "15": {"1": [["1345", "8b:15"]]}, "1": {"1": [["1345", "8b:1"]], "2": [["1345", "8b:1"]]}, "2": {"1": [["1337", "88a"], ["1345", "8b:2"]]}, "5": {"1": [["1321", "64a"], ["1321", "73b"], ["1345", "8b:5"]], "2": [["1345", "8b:5"]]}, "9": {"1": [["1345", "8b:9"]]}}, "51": {"1": {"1": [["1345", "26a:1"]]}, "13": {"1": [["1345", "26a:13"]]}, "2": {"1": [["1345", "26a:2"]]}, "30": {"1": [["1345", "26a:30"]]}}, "50": {"26": {"1": [["1345", "25b:26"]]}, "37": {"1": [["1345", "25b:37"]]}}, "53": {"11": {"1": [["1345", "27a:11"]], "2": [["1347", "101a"], ["1345", "27a:11"]]}, "15": {"1": [["1345", "27a:15"]]}, "4": {"1": [["1345", "27a:4"]]}}, "52": {"10": {"1": [["1345", "26b:10"]]}, "2": {"1": [["1346", "57b"], ["1345", "26b:2"]]}, "8": {"1": [["1345", "26b:8"]]}, "16": {"1": [["1345", "26b:16"]]}}, "164": {"33": {"1": [["1346", "27b"], ["1345", "82b:33"]]}, "1": {"1": [["1345", "82b:1"]]}, "2": {"1": [["1345", "82b:2"]]}, "14": {"1": [["1321", "82a"], ["1347", "68a"], ["1345", "82b:14"]]}, "10": {"1": [["1345", "82b:10"]]}}, "146": {"3": {"1": [["1347", "95a"], ["1345", "73b:3"]]}, "4": {"1": [["1345", "73b:4"]]}, "16": {"1": [["1345", "73b:16"]]}}, "56": {"5": {"1": [["1345", "28b:5"]]}, "14": {"1": [["1345", "28b:14"]]}, "21": {"1": [["1345", "28b:21"]]}}, "199": {"37": {"1": [["1345", "100a:37"]]}, "30": {"1": [["1321", "59a"], ["1345", "100a:30"]]}, "20": {"1": [["1345", "100a:20"]]}}, "179": {"12": {"1": [["1346", "47b"], ["1345", "90a:12"]]}, "46": {"1": [["1345", "90a:46"]]}, "47": {"1": [["1321", "59a"], ["1345", "90a:47"]]}, "53": {"1": [["1345", "90a:53"]]}, "1": {"1": [["1345", "90a:1"]]}, "40": {"1": [["1345", "90a:40"]]}}, "147": {"1": {"1": [["1345", "74a:1"]]}, "8": {"1": [["1345", "74a:8"]]}, "37": {"1": [["1345", "74a:37"]]}, "16": {"1": [["3", "22"], ["1345", "74a:16"]]}}, "195": {"26": {"1": [["1345", "98a:26"]], "3": [["1345", "98a:26"]], "2": [["1345", "98a:26"]], "4": [["1321", "83a"], ["1345", "98a:26"]]}, "18": {"1": [["1346", "83a"], ["1345", "98a:18"]]}, "13": {"1": [["1345", "98a:13"]]}, "1": {"1": [["1345", "98a:1"]]}, "3": {"1": [["1347", "75a"], ["1345", "98a:3"]]}, "2": {"1": [["1347", "98b"], ["1345", "98a:2"]]}, "7": {"1": [["1345", "98a:7"]]}}, "194": {"40": {"1": [["1345", "97b:40"]], "2": [["1345", "97b:40"]]}, "12": {"1": [["1330", "8a"], ["1345", "97b:12"]]}, "35": {"1": [["1345", "97b:35"]]}, "17": {"1": [["1321", "85a"], ["1321", "84b"], ["1333", "37b"], ["1345", "97b:17"]]}, "30": {"1": [["1345", "97b:30"]]}}, "197": {"61": {"1": [["1345", "99a:61"]]}, "10": {"1": [["1345", "99a:10"]]}, "51": {"1": [["1345", "99a:51"]]}, "6": {"1": [["1330", "74b"], ["1345", "99a:6"]]}}, "196": {"20": {"1": [["1346", "18b"], ["1345", "98b:20"]]}, "17": {"1": [["1321", "59a"], ["1320", "32a"], ["1323", "47a"], ["1329", "21a"], ["1329", "23a"], ["1345", "98b:17"]]}}, "191": {"11": {"1": [["3", "2"], ["1346", "63a"], ["1345", "96a:11"]]}, "1": {"1": [["781", "5:7"], ["1321", "30b"], ["1321", "26b"], ["1343", "33b"], ["1345", "96a:1"]]}}, "190": {"12": {"1": [["1347", "111a"], ["1321", "76a"], ["1321", "37b"], ["1319", "42b"], ["1319", "145b"], ["1345", "95b:12"]]}, "28": {"1": [["1347", "111b"], ["1345", "95b:28"]]}}, "193": {"1": {"1": [["1345", "97a:1"]]}, "4": {"1": [["1345", "97a:4"]]}, "16": {"1": [["1345", "97a:16"]]}}, "192": {"25": {"1": [["1345", "96b:25"]]}, "13": {"1": [["1345", "96b:13"]]}, "45": {"1": [["1345", "96b:45"]]}, "61": {"1": [["1345", "96b:61"]]}}, "115": {"1": {"1": [["1345", "58a:1"]]}, "19": {"1": [["1345", "58a:19"]]}, "38": {"1": [["3", "16"], ["1346", "98b"], ["1346", "19b"], ["1323", "45b"], ["1345", "58a:38"]]}, "42": {"1": [["1323", "43b"], ["1345", "58a:42"]]}}, "68": {"46": {"1": [["1323", "53b"], ["1345", "34b:46"]], "2": [["1347", "87a"], ["1345", "34b:46"]]}, "5": {"1": [["1345", "34b:5"]]}, "34": {"1": [["1345", "34b:34"]]}}, "88": {"33": {"1": [["1335", "54b"], ["1345", "44b:33"]]}, "18": {"1": [["1345", "44b:18"]]}, "31": {"1": [["1345", "44b:31"]], "2": [["1346", "45b"], ["1337", "109b"], ["1345", "44b:31"]]}, "44": {"1": [["1345", "44b:44"]]}}, "89": {"24": {"1": [["1345", "45a:24"]]}, "10": {"1": [["1351", "23b"], ["1345", "45a:10"]]}, "14": {"1": [["1347", "117a"], ["1351", "13b"], ["1345", "45a:14"]]}, "22": {"1": [["1345", "45a:22"]]}, "44": {"1": [["1340", "84a"], ["1341", "13a"], ["1345", "45a:44"]]}, "3": {"1": [["1340", "51b"], ["1321", "69b"], ["1346", "52b"], ["1319", "133a"], ["1336", "72b"], ["1345", "45a:3"]]}}, "111": {"42": {"1": [["1321", "94a"], ["1321", "93b"], ["1319", "34b"], ["1345", "56a:42"]]}, "40": {"1": [["3", "8"], ["1345", "56a:40"]]}}, "110": {"24": {"1": [["1345", "55b:24"]]}, "25": {"1": [["1345", "55b:25"]]}, "13": {"1": [["1346", "49b"], ["1345", "55b:13"]]}, "27": {"1": [["1335", "54b"], ["1345", "55b:27"]]}, "39": {"1": [["1345", "55b:39"]]}}, "113": {"5": {"1": [["1345", "57a:5"]]}, "42": {"1": [["1345", "57a:42"]]}, "35": {"1": [["1345", "57a:35"]]}}, "176": {"13": {"1": [["1349", "16a"], ["1345", "88b:13"]]}, "21": {"1": [["5", "21"], ["1349", "16a"], ["1340", "37b"], ["1345", "88b:21"]]}, "17": {"1": [["1345", "88b:17"]]}}, "82": {"1": {"1": [["1345", "41b:1"]]}, "3": {"1": [["1345", "41b:3"]]}, "20": {"1": [["1321", "61a"], ["1345", "41b:20"]]}}, "83": {"24": {"1": [["1323", "61a"], ["1346", "16a"], ["1345", "42a:24"]]}, "10": {"1": [["1345", "42a:10"]]}, "7": {"1": [["1345", "42a:7"]]}}, "80": {"11": {"1": [["1345", "40b:11"]]}, "18": {"1": [["1345", "40b:18"]]}}, "81": {"1": {"1": [["1345", "41a:1"]], "2": [["1345", "41a:1"]]}, "2": {"1": [["1345", "41a:2"]]}, "7": {"1": [["1345", "41a:7"]]}}, "86": {"27": {"1": [["3", "22"], ["1345", "43b:27"]]}}, "87": {"38": {"1": [["1345", "44a:38"]]}, "12": {"1": [["1345", "44a:12"]]}, "20": {"1": [["1345", "44a:20"]]}, "35": {"1": [["1346", "17b"], ["1345", "44a:35"]]}, "30": {"1": [["1345", "44a:30"]]}}, "84": {"19": {"1": [["1345", "42b:19"]]}, "8": {"1": [["1346", "16b"], ["1345", "42b:8"]]}, "22": {"1": [["1346", "14a"], ["1345", "42b:22"]]}, "10": {"1": [["1345", "42b:10"]]}}, "85": {"4": {"1": [["1345", "43a:4"]]}, "22": {"1": [["3", "7"], ["1346", "16b"], ["1346", "20b"], ["1345", "43a:22"]], "2": [["1345", "43a:22"]]}}, "140": {"18": {"1": [["1347", "42a"], ["1345", "70b:18"]]}, "15": {"1": [["1345", "70b:15"]]}, "40": {"1": [["1345", "70b:40"]], "2": [["1321", "9b"], ["1340", "79b"], ["1340", "15b"], ["1331", "33b"], ["1337", "41a"], ["1337", "71a"], ["1345", "70b:40"]]}}, "141": {"1": {"1": [["1350", "29a"], ["1345", "71a:1"]], "2": [["1337", "40b"], ["1336", "57b"], ["1345", "71a:1"]]}}, "3": {"1": {"1": [["1338", "43b"], ["1345", "2a:1"]], "2": [["1345", "2a:1"]]}, "5": {"1": [["1345", "2a:5"]]}, "9": {"1": [["1345", "2a:9"]]}, "15": {"1": [["1346", "48b"], ["1345", "2a:15"]]}, "23": {"1": [["1345", "2a:23"]]}}, "7": {"38": {"1": [["1345", "4a:38"]]}, "23": {"1": [["1345", "4a:23"]]}, "46": {"1": [["1345", "4a:46"]]}, "54": {"1": [["1345", "4a:54"]]}, "30": {"1": [["1345", "4a:30"]]}, "53": {"1": [["1345", "4a:53"]]}, "9": {"1": [["1321", "61a"], ["1345", "4a:9"]]}}, "170": {"25": {"1": [["1345", "85b:25"]]}, "56": {"1": [["1345", "85b:56"]]}, "28": {"1": [["1345", "85b:28"]]}}, "166": {"12": {"1": [["1345", "83b:12"]]}, "16": {"1": [["1346", "26b"], ["1345", "83b:16"]]}, "33": {"1": [["1345", "83b:33"]]}, "45": {"1": [["1345", "83b:45"]], "2": [["1346", "90b"], ["1345", "83b:45"]]}, "40": {"1": [["1345", "83b:40"]]}, "2": {"1": [["1345", "83b:2"]]}, "4": {"1": [["1346", "26a"], ["1345", "83b:4"]]}}, "178": {"13": {"1": [["1345", "89b:13"]]}, "46": {"1": [["1345", "89b:46"]]}, "26": {"1": [["1345", "89b:26"]]}, "36": {"1": [["1345", "89b:36"]]}, "89": {"1": [["1345", "89b:89"]]}, "9": {"1": [["1345", "89b:9"]]}, "83": {"1": [["1345", "89b:83"]]}}, "108": {"1": {"1": [["1345", "54b:1"]], "2": [["1326", "23a"], ["1335", "68a"], ["1334", "48b"], ["1345", "54b:1"]]}, "5": {"1": [["1345", "54b:5"]]}}, "109": {"9": {"1": [["1346", "82b"], ["1346", "48b"], ["1345", "55a:9"]]}, "8": {"1": [["1345", "55a:8"]]}, "3": {"1": [["1345", "55a:3"]], "2": [["1345", "55a:3"]]}, "7": {"1": [["1345", "55a:7"]]}, "23": {"1": [["1345", "55a:23"]]}}, "102": {"1": {"1": [["5", "12"], ["1345", "51b:1"]]}}, "103": {"1": {"1": [["1345", "52a:1"]]}, "25": {"1": [["1345", "52a:25"]]}, "28": {"1": [["1345", "52a:28"]]}, "7": {"1": [["1345", "52a:7"]]}, "23": {"1": [["1345", "52a:23"]]}}, "100": {"39": {"1": [["1345", "50b:39"]]}, "38": {"1": [["1345", "50b:38"]]}, "36": {"1": [["1347", "56a"], ["1345", "50b:36"]]}}, "101": {"27": {"1": [["1345", "51a:27"]]}, "14": {"1": [["1345", "51a:14"]]}, "7": {"1": [["1345", "51a:7"]]}, "6": {"1": [["1345", "51a:6"]]}}, "106": {"3": {"1": [["1345", "53b:3"]]}, "6": {"1": [["1345", "53b:6"]]}, "4": {"1": [["1345", "53b:4"]], "2": [["1345", "53b:4"]]}, "22": {"1": [["1345", "53b:22"]]}, "16": {"1": [["1345", "53b:16"]]}}, "107": {"10": {"1": [["1345", "54a:10"]]}, "30": {"1": [["1325", "24b"], ["1345", "54a:30"]]}, "6": {"1": [["1345", "54a:6"]]}}, "104": {"13": {"1": [["1345", "52b:13"]], "2": [["1345", "52b:13"]]}, "7": {"1": [["1345", "52b:7"]]}}, "105": {"53": {"1": [["1353", "29a"], ["1345", "53a:53"]]}}, "39": {"50": {"1": [["1345", "20a:50"]]}}, "38": {"11": {"1": [["1929", "19b:13"], ["1323", "60a"], ["1345", "19b:11"]], "2": [["1929", "19b:14"], ["1345", "19b:11"]]}, "38": {"1": [["1345", "19b:38"]]}, "73": {"1": [["1345", "19b:73"]]}, "43": {"1": [["1929", "19b:16"], ["1345", "19b:43"]]}, "41": {"1": [["1929", "19b:15"], ["1345", "19b:41"]]}}, "33": {"11": {"1": [["1929", "17a:4"], ["1340", "83a"], ["1345", "17a:11"]]}, "1": {"1": [["1330", "87b"], ["1338", "88b"], ["1346", "75a"], ["1337", "25b"], ["1345", "17a:1"]]}, "2": {"1": [["1929", "17a:1"], ["1929", "17a:2"], ["1929", "17a:3"], ["1330", "74b"], ["1341", "8b"], ["1333", "45a"], ["1345", "17a:2"]], "2": [["1330", "23a"], ["1345", "17a:2"]]}, "5": {"1": [["1345", "17a:5"]]}}, "32": {"25": {"1": [["1345", "16b:25"]]}, "17": {"1": [["1346", "25a"], ["1345", "16b:17"]]}, "18": {"1": [["1340", "83a"], ["1345", "16b:18"]]}, "28": {"1": [["1345", "16b:28"]]}, "37": {"1": [["1345", "16b:37"]]}, "7": {"1": [["1321", "82a"], ["1345", "16b:7"]]}, "32": {"1": [["1345", "16b:32"]]}}, "31": {"25": {"1": [["1345", "16a:25"]]}, "26": {"1": [["1345", "16a:26"]]}, "27": {"1": [["1342", "30b"], ["1330", "106a"], ["1345", "16a:27"]], "2": [["1323", "25a"], ["1345", "16a:27"]]}, "23": {"1": [["1345", "16a:23"]]}, "46": {"1": [["1345", "16a:46"]]}, "1": {"1": [["1345", "16a:1"]]}, "4": {"1": [["1345", "16a:4"]]}, "7": {"1": [["1345", "16a:7"]]}, "8": {"1": [["1345", "16a:8"]]}}, "30": {"19": {"1": [["1345", "15b:19"]], "2": [["1330", "70a"], ["1345", "15b:19"]]}, "25": {"1": [["1330", "75a"], ["1340", "83a"], ["1345", "15b:25"]]}, "30": {"1": [["1345", "15b:30"]]}}, "37": {"8": {"1": [["1929", "19a:11"], ["1345", "19a:8"]]}, "28": {"1": [["1345", "19a:28"]]}, "52": {"1": [["1929", "19a:12"], ["1345", "19a:52"]]}}, "36": {"3": {"1": [["1929", "18b:10"], ["1321", "65b"], ["1345", "18b:3"]]}, "67": {"1": [["1929", "18b:13"], ["1345", "18b:67"]]}, "50": {"1": [["1929", "18b:11"], ["1346", "43a"], ["1345", "18b:50"]]}, "58": {"1": [["1929", "18b:12"], ["1345", "18b:58"]]}}, "35": {"1": {"1": [["1345", "18a:1"]]}, "17": {"1": [["1929", "18a:11"], ["1323", "12b"], ["1323", "81a"], ["1330", "61a"], ["1345", "18a:17"]]}, "6": {"1": [["1929", "18a:9"], ["1929", "18a:10"], ["1340", "84a"], ["1345", "18a:6"]]}}, "34": {"1": {"1": [["1929", "17b:3"], ["1929", "17b:4"], ["1929", "17b:5"], ["1929", "17b:6"], ["1929", "17b:7"], ["1929", "17b:8"], ["1330", "75a"], ["1341", "8b"], ["1333", "45a"], ["1321", "95b"], ["1346", "27b"], ["1345", "17b:1"]]}, "18": {"1": [["1929", "17b:12"], ["1340", "83b"], ["1345", "17b:18"]]}, "3": {"1": [["1929", "17b:9"], ["1929", "17b:10"], ["1346", "27b"], ["1345", "17b:3"]]}, "14": {"1": [["1330", "72b"], ["1345", "17b:14"]]}, "10": {"1": [["1345", "17b:10"]]}}, "162": {"3": {"1": [["1345", "81b:3"]]}, "38": {"1": [["1345", "81b:38"]]}, "21": {"1": [["1345", "81b:21"]]}, "34": {"1": [["1345", "81b:34"]]}}, "160": {"1": {"1": [["1345", "80b:1"]]}, "10": {"1": [["1345", "80b:10"]]}, "26": {"1": [["1345", "80b:26"]]}, "20": {"1": [["1345", "80b:20"]]}, "6": {"1": [["1345", "80b:6"]]}}, "60": {"1": {"1": [["1345", "30b:1"]]}, "50": {"1": [["1345", "30b:50"]]}, "22": {"1": [["1345", "30b:22"]]}}, "61": {"13": {"1": [["1345", "31a:13"]]}, "38": {"1": [["3", "6"], ["1345", "31a:38"]]}, "15": {"1": [["1345", "31a:15"]]}, "17": {"1": [["1345", "31a:17"]]}, "18": {"1": [["1345", "31a:18"]]}, "35": {"1": [["1345", "31a:35"]]}, "34": {"1": [["1345", "31a:34"]]}, "40": {"1": [["1345", "31a:40"]]}, "7": {"1": [["1345", "31a:7"]]}, "6": {"1": [["1345", "31a:6"]]}}, "62": {"1": {"1": [["1345", "31b:1"]]}, "25": {"1": [["1345", "31b:25"]]}, "3": {"1": [["1345", "31b:3"]]}, "36": {"1": [["1345", "31b:36"]], "2": [["1340", "81b"], ["1323", "30a"], ["1345", "31b:36"]]}}, "63": {"24": {"1": [["1345", "32a:24"]]}, "14": {"1": [["1346", "19a"], ["1345", "32a:14"]]}}, "64": {"26": {"1": [["1347", "132a"], ["1345", "32b:26"]]}, "17": {"1": [["1321", "67b"], ["1333", "45a"], ["1345", "32b:17"]]}, "23": {"1": [["1345", "32b:23"]]}}, "65": {"1": {"1": [["1345", "33a:1"]]}, "10": {"1": [["1347", "83b"], ["1345", "33a:10"]]}, "16": {"1": [["1345", "33a:16"]]}, "25": {"1": [["1346", "61a"], ["1345", "33a:25"]], "2": [["1345", "33a:25"]]}}, "66": {"11": {"1": [["1345", "33b:11"]]}, "2": {"1": [["1321", "59a"], ["1347", "141a"], ["1345", "33b:2"]]}, "20": {"1": [["1330", "75a"], ["1345", "33b:20"]]}, "14": {"1": [["1330", "73b"], ["1321", "24a"], ["1345", "33b:14"]]}}, "67": {"37": {"1": [["1345", "34a:37"]]}, "28": {"1": [["1345", "34a:28"]]}, "20": {"1": [["1321", "24a"], ["1345", "34a:20"]], "2": [["1330", "74b"], ["1345", "34a:20"]]}, "58": {"1": [["1331", "98b"], ["1345", "34a:58"]]}, "54": {"1": [["1345", "34a:54"]]}}, "177": {"1": {"1": [["507", "3:5:1"], ["1321", "58b"], ["1321", "58a"], ["1346", "49a"], ["1337", "111a"], ["1345", "89a:1"]]}, "33": {"1": [["1345", "89a:33"]]}, "5": {"1": [["1345", "89a:5"]]}, "29": {"1": [["1345", "89a:29"]]}}, "69": {"46": {"1": [["1345", "35a:46"]]}, "42": {"1": [["1350", "25b"], ["1345", "35a:42"]]}, "43": {"1": [["1347", "121a"], ["1345", "35a:43"]]}, "29": {"1": [["1345", "35a:29"]]}, "14": {"1": [["1345", "35a:14"]]}}, "175": {"1": {"1": [["1345", "88a:1"]]}, "46": {"1": [["1345", "88a:46"]]}, "15": {"1": [["1346", "24a"], ["1345", "88a:15"]]}, "35": {"1": [["1345", "88a:35"]]}, "52": {"1": [["1345", "88a:52"]]}}, "174": {"10": {"1": [["1345", "87b:10"]]}, "17": {"1": [["1345", "87b:17"]]}}, "173": {"14": {"1": [["1345", "87a:14"]]}, "16": {"1": [["1345", "87a:16"]]}, "44": {"1": [["1345", "87a:44"]]}, "49": {"1": [["1346", "100b"], ["1345", "87a:49"]]}, "28": {"1": [["1323", "29b"], ["1346", "100a"], ["1345", "87a:28"]]}, "4": {"1": [["1345", "87a:4"]]}, "6": {"1": [["1345", "87a:6"]]}, "8": {"1": [["1345", "87a:8"]]}}, "172": {"13": {"1": [["1345", "86b:13"]]}, "7": {"1": [["1345", "86b:7"]]}, "17": {"1": [["1345", "86b:17"]]}}, "171": {"24": {"1": [["1322", "28a"], ["1345", "86a:24"]]}, "26": {"1": [["1345", "86a:26"]]}, "12": {"1": [["3", "6"], ["1345", "86a:12"]]}, "21": {"1": [["1345", "86a:21"]]}, "36": {"1": [["1323", "46b"], ["1345", "86a:36"]]}, "34": {"1": [["1345", "86a:34"]]}, "7": {"1": [["1345", "86a:7"]]}}, "198": {"11": {"1": [["1345", "99b:11"]]}, "30": {"1": [["1345", "99b:30"]]}, "49": {"1": [["1321", "76b"], ["1345", "99b:49"]]}}, "203": {"3": {"1": [["1345", "102a:3"]]}, "5": {"1": [["1345", "102a:5"]]}}, "145": {"3": {"1": [["1330", "81a"], ["1345", "73a:3"]]}, "4": {"1": [["1345", "73a:4"]]}, "6": {"1": [["1332", "58a"], ["1335", "54b"], ["1347", "87b"], ["1347", "100a"], ["1346", "23a"], ["1346", "23b"], ["1319", "141b"], ["1345", "73a:6"]]}}, "182": {"75": {"1": [["1337", "113a"], ["1345", "91b:75"]]}, "59": {"1": [["1323", "46b"], ["1345", "91b:59"]]}, "49": {"1": [["1346", "62a"], ["1345", "91b:49"]]}}, "183": {"1": {"1": [["1319", "42a"], ["1345", "92a:1"]]}, "18": {"1": [["1323", "7b"], ["1321", "80b"], ["1345", "92a:18"]]}, "3": {"1": [["1319", "107b"], ["1345", "92a:3"]]}, "23": {"1": [["1345", "92a:23"]]}, "19": {"1": [["1345", "92a:19"]]}}, "180": {"24": {"1": [["1345", "90b:24"]]}, "27": {"1": [["1345", "90b:27"]]}, "19": {"1": [["1345", "90b:19"]]}, "18": {"1": [["1338", "32a"], ["1345", "90b:18"]]}, "29": {"1": [["1345", "90b:29"]]}, "36": {"1": [["1345", "90b:36"]]}, "1": {"1": [["1345", "90b:1"]]}, "32": {"1": [["1347", "111a"], ["1345", "90b:32"]]}}, "181": {"35": {"1": [["1345", "91a:35"]]}, "6": {"1": [["1346", "49a"], ["1345", "91a:6"]]}}, "167": {"18": {"1": [["1345", "84a:18"]]}, "12": {"1": [["1345", "84a:12"]], "3": [["1345", "84a:12"]], "2": [["1346", "79a"], ["1345", "84a:12"]]}, "28": {"1": [["1345", "84a:28"]], "2": [["1345", "84a:28"]]}, "30": {"1": [["1345", "84a:30"]]}}, "187": {"31": {"1": [["1345", "94a:31"]], "2": [["1319", "57a"], ["1345", "94a:31"]]}, "6": {"1": [["1345", "94a:6"]]}}, "184": {"1": {"1": [["1345", "92b:1"]]}, "14": {"1": [["1340", "32a"], ["1346", "63b"], ["1345", "92b:14"]]}}, "185": {"9": {"1": [["1329", "23a"], ["1345", "93a:9"]]}, "50": {"1": [["1345", "93a:50"]]}}, "186": {"59": {"1": [["1345", "93b:59"]], "2": [["1347", "122a"], ["1319", "49b"], ["1319", "123a"], ["1319", "120a"], ["1345", "93b:59"]]}, "2": {"1": [["1345", "93b:2"]]}, "42": {"1": [["1319", "116b"], ["1345", "93b:42"]]}}, "188": {"62": {"1": [["1347", "123b"], ["1347", "72b"], ["1319", "95b"], ["1345", "94b:62"]]}, "16": {"1": [["1345", "94b:16"]]}, "49": {"1": [["1338", "57b"], ["1345", "94b:49"]]}}, "189": {"9": {"1": [["781", "27:2"], ["1319", "47a"], ["1319", "26b"], ["1345", "95a:9"]], "2": [["1345", "95a:9"]]}, "14": {"1": [["1345", "95a:14"]]}}, "221": {"1": {"1": [["1345", "111a:1"]]}, "26": {"1": [["1345", "111a:26"]]}, "44": {"1": [["1345", "111a:44"]], "2": [["1345", "111a:44"]]}, "17": {"1": [["1345", "111a:17"]]}}, "6": {"1": {"1": [["1345", "3b:1"]]}, "8": {"1": [["1345", "3b:8"]]}, "5": {"1": [["1345", "3b:5"]]}}, "142": {"1": {"1": [["1347", "122a"], ["1337", "53b"], ["1345", "71b:1"]], "2": [["1345", "71b:1"]]}, "18": {"1": [["1350", "28a"], ["1345", "71b:18"]]}, "3": {"1": [["1345", "71b:3"]]}, "22": {"1": [["1345", "71b:22"]]}}, "99": {"11": {"1": [["1321", "65a"], ["3", "1"], ["1346", "21b"], ["1345", "50a:11"]]}, "40": {"1": [["3", "16"], ["1345", "50a:40"]]}, "22": {"1": [["1346", "76a"], ["1345", "50a:22"]]}, "16": {"1": [["1346", "83a"], ["1346", "92a"], ["1345", "50a:16"]]}}, "98": {"25": {"1": [["1345", "49b:25"]]}, "12": {"1": [["1345", "49b:12"]]}, "20": {"1": [["1347", "117a"], ["1345", "49b:20"]]}, "47": {"1": [["1345", "49b:47"]]}}, "168": {"1": {"1": [["1347", "77a"], ["1354", "41a"], ["1351", "23b"], ["1350", "30b"], ["1350", "24b"], ["1345", "84b:1"]]}, "3": {"1": [["1345", "84b:3"]]}}, "169": {"1": {"1": [["1345", "85a:1"]]}, "8": {"1": [["1345", "85a:8"]]}, "35": {"1": [["1345", "85a:35"]]}}, "229": {"2": {"1": [["1345", "115a:2"]]}, "38": {"1": [["1346", "48b"], ["1345", "115a:38"]]}, "4": {"1": [["1345", "115a:4"]]}}, "228": {"5": {"1": [["1345", "114b:5"]]}, "2": {"1": [["1321", "67a"], ["1347", "80b"], ["1347", "81a"], ["1338", "111a"], ["1345", "114b:2"]]}, "20": {"1": [["1345", "114b:20"]]}, "29": {"1": [["1345", "114b:29"]]}, "17": {"1": [["1345", "114b:17"]]}}, "227": {"9": {"1": [["1350", "30b"], ["1345", "114a:9"]]}, "10": {"1": [["1347", "77a"], ["1350", "25a"], ["1345", "114a:10"]]}, "15": {"1": [["1345", "114a:15"]]}}, "226": {"68": {"1": [["1323", "62b"], ["1345", "113b:68"]]}, "24": {"1": [["1345", "113b:24"]]}, "75": {"1": [["1345", "113b:75"]]}, "29": {"1": [["1339", "73b"], ["29", "39"], ["30", "2"], ["1347", "59b"], ["1345", "113b:29"]]}, "72": {"1": [["1323", "62b"], ["1345", "113b:72"]]}}, "225": {"30": {"1": [["1345", "113a:30"]]}, "15": {"1": [["1345", "113a:15"]]}, "48": {"1": [["1345", "113a:48"]]}, "46": {"1": [["1323", "43a"], ["1345", "113a:46"]]}, "54": {"1": [["1345", "113a:54"]]}, "45": {"1": [["1345", "113a:45"]], "2": [["1320", "30b"], ["1324", "21a"], ["29", "10"], ["1345", "113a:45"]]}, "36": {"1": [["1", "7"], ["1345", "113a:36"]]}, "8": {"1": [["1323", "62b"], ["1345", "113a:8"]]}}, "92": {"1": {"1": [["1346", "25b"], ["1345", "46b:1"]]}, "9": {"1": [["1345", "46b:9"]], "2": [["1345", "46b:9"]]}}, "223": {"23": {"1": [["1345", "112a:23"]]}, "2": {"1": [["1345", "112a:2"]], "2": [["1345", "112a:2"]]}, "14": {"1": [["1350", "23a"], ["1345", "112a:14"]]}, "25": {"1": [["1345", "112a:25"]]}, "16": {"1": [["1350", "10a"], ["1321", "97b"], ["1345", "112a:16"]]}}, "222": {"28": {"1": [["1323", "62b"], ["1345", "111b:28"]]}}, "97": {"1": {"1": [["1338", "45a"], ["1338", "55b"], ["1345", "49a:1"]]}, "10": {"1": [["1346", "91b"], ["1345", "49a:10"]]}, "27": {"1": [["1340", "67b"], ["1345", "49a:27"]]}, "14": {"1": [["1345", "49a:14"]]}, "30": {"1": [["1345", "49a:30"]]}}, "220": {"30": {"1": [["1345", "110b:30"]]}, "20": {"1": [["1345", "110b:20"]]}, "7": {"1": [["1345", "110b:7"]]}, "22": {"1": [["1324", "44a"], ["1346", "106a"], ["1345", "110b:22"]]}}, "11": {"25": {"1": [["1345", "6a:25"]], "2": [["1345", "6a:25"]]}, "39": {"1": [["1321", "59b"], ["1345", "6a:39"]]}, "48": {"1": [["1345", "6a:48"]]}, "16": {"1": [["1345", "6a:16"]]}, "19": {"1": [["1345", "6a:19"]]}, "35": {"1": [["1345", "6a:35"]]}, "4": {"1": [["1320", "46b"], ["1345", "6a:4"]]}}, "10": {"46": {"1": [["1345", "5b:46"]]}, "30": {"1": [["1348", "16a"], ["1345", "5b:30"]]}, "20": {"1": [["1345", "5b:20"]]}, "45": {"1": [["1346", "104b"], ["1345", "5b:45"]]}, "21": {"1": [["1345", "5b:21"]]}}, "13": {"27": {"1": [["1345", "7a:27"]]}, "32": {"1": [["1345", "7a:32"]]}, "37": {"1": [["1345", "7a:37"]]}, "41": {"1": [["1345", "7a:41"]]}, "7": {"1": [["1345", "7a:7"]]}, "9": {"1": [["1345", "7a:9"]], "2": [["1345", "7a:9"]]}}, "12": {"26": {"1": [["1345", "6b:26"]]}, "12": {"1": [["1323", "61a"], ["1345", "6b:12"]]}, "31": {"1": [["1345", "6b:31"]]}}, "15": {"11": {"1": [["1345", "8a:11"]]}, "25": {"1": [["1345", "8a:25"]]}, "15": {"1": [["1345", "8a:15"]]}, "50": {"1": [["1345", "8a:50"]]}, "7": {"1": [["1345", "8a:7"]]}}, "14": {"58": {"1": [["1345", "7b:58"]]}, "22": {"1": [["1345", "7b:22"]]}, "55": {"1": [["1345", "7b:55"]]}, "45": {"1": [["1346", "82a"], ["1345", "7b:45"]]}, "53": {"1": [["1345", "7b:53"]]}, "41": {"1": [["1345", "7b:41"]]}, "74": {"1": [["1345", "7b:74"]]}, "72": {"1": [["1345", "7b:72"]]}, "68": {"1": [["1345", "7b:68"]]}, "34": {"1": [["1345", "7b:34"]]}}, "17": {"12": {"1": [["1338", "7a"], ["1345", "9a:12"]]}, "16": {"1": [["1346", "92b"], ["1345", "9a:16"]]}, "34": {"1": [["1345", "9a:34"]]}, "61": {"1": [["1321", "96b"], ["1338", "30a"], ["1345", "9a:61"]]}, "6": {"1": [["1345", "9a:6"]]}, "9": {"1": [["1345", "9a:9"]]}}, "114": {"1": {"1": [["1323", "57a"], ["1345", "57b:1"]]}, "33": {"1": [["1321", "120b"], ["1345", "57b:33"]]}, "3": {"1": [["1321", "37b"], ["1346", "77b"], ["1345", "57b:3"]]}, "31": {"1": [["1345", "57b:31"]]}}, "19": {"33": {"1": [["1346", "2b"], ["1345", "10a:33"]]}, "20": {"1": [["1345", "10a:20"]]}, "4": {"1": [["1340", "61a"], ["1345", "10a:4"]]}, "22": {"1": [["1321", "61a"], ["1345", "10a:22"]]}}, "18": {"60": {"1": [["1345", "9b:60"]]}, "37": {"1": [["1345", "9b:37"]]}, "12": {"1": [["1345", "9b:12"]]}, "5": {"1": [["1321", "97b"], ["1345", "9b:5"]]}, "43": {"1": [["1345", "9b:43"]], "2": [["1345", "9b:43"]]}}, "117": {"26": {"1": [["1345", "59a:26"]]}, "37": {"1": [["1321", "97b"], ["1347", "135a"], ["1346", "101a"], ["1323", "63b"], ["1336", "7a"], ["1345", "59a:37"]]}, "43": {"1": [["1345", "59a:43"]]}, "16": {"1": [["1345", "59a:16"]], "2": [["1345", "59a:16"]]}}, "116": {"30": {"1": [["1345", "58b:30"]]}, "14": {"1": [["1345", "58b:14"]]}}, "204": {"45": {"1": [["1345", "102b:45"]]}, "50": {"1": [["1345", "102b:50"]]}, "7": {"1": [["1345", "102b:7"]]}}, "151": {"5": {"1": [["1330", "71a"], ["1345", "76a:5"]]}, "29": {"1": [["1333", "17b"], ["1333", "59b"], ["1345", "76a:29"]]}}, "150": {"13": {"1": [["1348", "31a"], ["1340", "112b"], ["1345", "75b:13"]]}, "23": {"1": [["1345", "75b:23"]]}, "42": {"1": [["4", "18"], ["1345", "75b:42"]]}, "29": {"1": [["1345", "75b:29"]]}, "35": {"1": [["1345", "75b:35"]]}, "1": {"1": [["1345", "75b:1"]]}, "8": {"1": [["1345", "75b:8"]]}}, "153": {"9": {"1": [["1345", "77a:9"]]}, "25": {"1": [["1345", "77a:25"]]}, "12": {"1": [["1345", "77a:12"]]}, "27": {"1": [["1346", "57b"], ["1345", "77a:27"]]}, "6": {"1": [["1339", "81b"], ["1347", "130a"], ["1346", "80b"], ["1345", "77a:6"]]}}, "152": {"13": {"1": [["1345", "76b:13"]]}, "16": {"1": [["1345", "76b:16"]]}, "18": {"1": [["1345", "76b:18"]]}, "1": {"1": [["1345", "76b:1"]]}, "2": {"1": [["1345", "76b:2"]], "2": [["1346", "80b"], ["1345", "76b:2"]]}, "4": {"1": [["1345", "76b:4"]]}}, "155": {"1": {"1": [["1346", "22a"], ["1345", "78a:1"]]}, "10": {"1": [["1330", "101a"], ["1341", "16a"], ["1345", "78a:10"]]}, "13": {"1": [["1345", "78a:13"]]}}, "154": {"11": {"1": [["1345", "77b:11"]]}, "14": {"1": [["1323", "64a"], ["1345", "77b:14"]]}, "19": {"1": [["1345", "77b:19"]]}, "35": {"1": [["1333", "29a"], ["1345", "77b:35"]], "2": [["1346", "22a"], ["1345", "77b:35"]]}, "3": {"1": [["1335", "56a"], ["1345", "77b:3"]]}, "7": {"1": [["1345", "77b:7"]]}}, "157": {"1": {"1": [["1345", "79a:1"]], "3": [["1345", "79a:1"]], "2": [["1329", "20a"], ["1321", "34b"], ["1345", "79a:1"]]}, "14": {"1": [["1345", "79a:14"]]}, "7": {"1": [["1330", "82a"], ["1321", "43b"], ["1321", "44a"], ["1348", "15b"], ["4", "31"], ["1347", "98b"], ["1347", "108a"], ["1347", "99a"], ["1333", "35b"], ["1333", "36b"], ["1345", "79a:7"]]}, "4": {"1": [["1345", "79a:4"]]}}, "156": {"1": {"1": [["1321", "115a"], ["1346", "23b"], ["1345", "78b:1"]]}, "18": {"1": [["1345", "78b:18"]]}, "3": {"1": [["1345", "78b:3"]]}, "5": {"1": [["1345", "78b:5"]]}, "14": {"1": [["1330", "82b"], ["1319", "120b"], ["1319", "77a"], ["1345", "78b:14"]]}}, "159": {"39": {"1": [["1345", "80a:39"]]}, "43": {"1": [["1345", "80a:43"]]}, "26": {"1": [["1345", "80a:26"]]}, "40": {"1": [["1347", "107a"], ["1345", "80a:40"]]}, "29": {"1": [["1345", "80a:29"]]}, "6": {"1": [["1345", "80a:6"]]}}, "158": {"11": {"1": [["1354", "54b"], ["1345", "79b:11"]]}, "15": {"1": [["1345", "79b:15"]]}, "19": {"1": [["1345", "79b:19"]]}, "2": {"1": [["1345", "79b:2"]]}, "4": {"1": [["1345", "79b:4"]]}, "20": {"1": [["1345", "79b:20"]]}}, "112": {"24": {"1": [["1345", "56b:24"]]}, "32": {"1": [["1345", "56b:32"]]}, "38": {"1": [["1345", "56b:38"]]}, "37": {"1": [["1345", "56b:37"]], "2": [["1345", "56b:37"]]}}, "238": {"12": {"1": [["4", "10"], ["1345", "119b:12"]]}, "22": {"1": [["1345", "119b:22"]]}, "31": {"1": [["1345", "119b:31"]]}, "51": {"1": [["1345", "119b:51"]]}, "34": {"1": [["1345", "119b:34"]]}, "78": {"1": [["1345", "119b:78"]]}}, "234": {"10": {"1": [["1345", "117b:10"]]}, "12": {"1": [["1345", "117b:12"]]}, "7": {"1": [["1345", "117b:7"]]}, "17": {"1": [["9", "15"], ["1345", "117b:17"]]}}, "235": {"29": {"1": [["1345", "118a:29"]]}}, "237": {"46": {"1": [["9", "15"], ["1345", "119a:46"]]}, "15": {"1": [["1345", "119a:15"]]}, "4": {"1": [["1321", "36b"], ["1345", "119a:4"]]}, "17": {"1": [["1345", "119a:17"]]}}, "230": {"11": {"1": [["1345", "115b:11"]]}, "13": {"1": [["1345", "115b:13"]]}, "15": {"1": [["1345", "115b:15"]]}, "45": {"1": [["1345", "115b:45"]]}, "37": {"1": [["1345", "115b:37"]]}, "52": {"1": [["1345", "115b:52"]]}}, "231": {"8": {"1": [["1347", "140a"], ["1345", "116a:8"]]}, "12": {"1": [["1345", "116a:12"]]}, "15": {"1": [["1347", "43a"], ["1345", "116a:15"]]}, "14": {"1": [["1345", "116a:14"]]}}, "232": {"25": {"1": [["1345", "116b:25"]]}, "31": {"1": [["1347", "55b"], ["1337", "36a"], ["1345", "116b:31"]]}, "63": {"1": [["1346", "95a"], ["1345", "116b:63"]]}, "16": {"1": [["1345", "116b:16"]]}}, "233": {"5": {"1": [["1345", "117a:5"]]}, "31": {"1": [["1345", "117a:31"]], "2": [["1345", "117a:31"]]}, "20": {"1": [["1345", "117a:20"]]}, "14": {"1": [["1345", "117a:14"]]}, "17": {"1": [["1345", "117a:17"]]}}, "48": {"1": {"1": [["1929", "24b:12"], ["1929", "24b:13"], ["1346", "19a"], ["1338", "95a"], ["1345", "24b:1"]]}, "16": {"1": [["1346", "83a"], ["1345", "24b:16"]]}}, "49": {"31": {"1": [["1319", "116b"], ["1345", "25a:31"]]}, "20": {"1": [["1339", "111b"], ["1345", "25a:20"]]}}, "46": {"15": {"1": [["1929", "23b:10"], ["1929", "23b:11"], ["1929", "23b:12"], ["1345", "23b:15"]]}, "29": {"1": [["1929", "23b:13"], ["1345", "23b:29"]]}, "1": {"1": [["1929", "23b:8"], ["1929", "23b:9"], ["1345", "23b:1"]]}, "3": {"1": [["1330", "60b"], ["1321", "59a"], ["1346", "25a"], ["1345", "23b:3"]]}, "2": {"1": [["1345", "23b:2"]]}, "6": {"1": [["1345", "23b:6"]]}}, "47": {"6": {"1": [["1929", "23b:14"], ["1345", "24a:6"]], "2": [["1929", "23b:15"], ["1324", "37a"], ["1321", "57a"], ["1345", "24a:6"]]}}, "44": {"1": {"1": [["1929", "22b:9"], ["1345", "22b:1"]]}, "25": {"1": [["1929", "22b:10"], ["1345", "22b:25"]]}, "30": {"1": [["1929", "22b:11"], ["1929", "22b:12"], ["1345", "22b:30"]], "2": [["1929", "22b:13"], ["1345", "22b:30"]]}, "29": {"1": [["1345", "22b:29"]]}, "8": {"1": [["1330", "70a"], ["1345", "22b:8"]]}}, "45": {"10": {"1": [["1929", "23a:9"], ["1321", "61a"], ["1345", "23a:10"]]}, "20": {"1": [["1345", "23a:20"]]}, "14": {"1": [["1321", "80b"], ["1345", "23a:14"]]}, "29": {"1": [["1929", "23a:10"], ["1929", "23a:11"], ["1929", "23a:12"], ["1929", "23a:13"], ["1345", "23a:29"]], "2": [["1929", "23a:14"], ["1929", "23a:15"], ["1929", "23a:16"], ["1345", "23a:29"]]}}, "43": {"24": {"1": [["1345", "22a:24"]]}, "26": {"1": [["1929", "22a:14"], ["1347", "106a"], ["1345", "22a:26"]]}, "48": {"1": [["1929", "22a:16"], ["1345", "22a:48"]]}, "22": {"1": [["1345", "22a:22"]]}, "32": {"1": [["1330", "82b"], ["1345", "22a:32"]]}, "1": {"1": [["1929", "22a:12"], ["1345", "22a:1"]]}, "3": {"1": [["1345", "22a:3"]]}, "4": {"1": [["1345", "22a:4"]]}, "8": {"1": [["1929", "22a:13"], ["1345", "22a:8"]]}}, "40": {"8": {"1": [["1929", "20b:8"], ["1929", "20b:9"], ["1929", "20b:10"], ["1321", "36a"], ["1346", "87b"], ["1346", "95b"], ["1345", "20b:8"]]}, "26": {"1": [["1345", "20b:26"]]}, "16": {"1": [["1345", "20b:16"]]}}, "41": {"24": {"1": [["1929", "21a:11"], ["1929", "21a:12"], ["1929", "21a:13"], ["1929", "21a:14"], ["1929", "21a:15"], ["1929", "21a:16"], ["1929", "21a:17"], ["1345", "21a:24"]]}, "23": {"1": [["1345", "21a:23"]]}, "20": {"1": [["1929", "21a:9"], ["1345", "21a:20"]], "2": [["1929", "21a:10"], ["1321", "34b"], ["1345", "21a:20"]]}, "16": {"1": [["1929", "21a:8"], ["1345", "21a:16"]]}}, "5": {"1": {"1": [["1345", "3a:1"]]}, "10": {"1": [["1335", "26a"], ["1345", "3a:10"]]}, "26": {"1": [["1345", "3a:26"]]}, "17": {"1": [["1345", "3a:17"]]}, "11": {"1": [["1345", "3a:11"]]}}, "9": {"10": {"1": [["1321", "59a"], ["1345", "5a:10"]], "2": [["1345", "5a:10"]]}, "12": {"1": [["1345", "5a:12"]]}, "32": {"1": [["1345", "5a:32"]]}, "45": {"1": [["1345", "5a:45"]]}, "28": {"1": [["1345", "5a:28"]]}, "41": {"1": [["1345", "5a:41"]]}, "8": {"1": [["1345", "5a:8"]]}}, "201": {"1": {"1": [["1345", "101a:1"]]}, "64": {"1": [["1345", "101a:64"]]}, "5": {"1": [["1345", "101a:5"]]}, "41": {"1": [["1341", "17b"], ["1345", "101a:41"]]}}, "200": {"21": {"1": [["1345", "100b:21"]]}, "7": {"1": [["1321", "78b"], ["1345", "100b:7"]]}, "41": {"1": [["1345", "100b:41"]]}}, "144": {"11": {"1": [["1345", "72b:11"]]}, "2": {"1": [["1330", "81b"], ["1345", "72b:2"]], "2": [["1337", "101a"], ["1343", "49b"], ["1345", "72b:2"]]}, "13": {"1": [["1345", "72b:13"]]}, "12": {"1": [["1330", "81b"], ["1343", "49b"], ["1345", "72b:12"]]}}, "202": {"9": {"1": [["1345", "101b:9"]]}, "47": {"1": [["1346", "51b"], ["1345", "101b:47"]]}, "50": {"1": [["1345", "101b:50"]]}}, "205": {"55": {"1": [["1337", "88a"], ["1345", "103a:55"]]}, "18": {"1": [["1345", "103a:18"]]}, "24": {"1": [["1345", "103a:24"]]}, "16": {"1": [["1345", "103a:16"]]}}, "143": {"9": {"1": [["1330", "81b"], ["1347", "100a"], ["3", "7"], ["1345", "72a:9"]]}, "5": {"1": [["1341", "17a"], ["1347", "102b"], ["1345", "72a:5"]]}}, "207": {"20": {"1": [["1345", "104a:20"]]}, "29": {"1": [["1348", "32b"], ["1345", "104a:29"]]}}, "206": {"56": {"1": [["1321", "60a"], ["1337", "111a"], ["1345", "103b:56"]]}}, "209": {"1": {"1": [["1345", "105a:1"]]}, "18": {"1": [["1345", "105a:18"]]}, "9": {"1": [["1345", "105a:9"]]}, "29": {"1": [["1345", "105a:29"]]}}, "208": {"31": {"1": [["1323", "48a"], ["1345", "104b:31"]]}, "59": {"1": [["1321", "85b"], ["1345", "104b:59"]]}}, "148": {"45": {"1": [["1321", "62a"], ["1349", "2a"], ["1339", "81b"], ["1335", "28b"], ["1336", "55a"], ["1346", "62b"], ["1345", "74b:45"]]}, "4": {"1": [["1343", "49b"], ["1345", "74b:4"]]}, "40": {"1": [["1347", "53b"], ["1345", "74b:40"]]}, "38": {"1": [["1345", "74b:38"]]}}, "149": {"2": {"1": [["1345", "75a:2"]]}}, "77": {"39": {"1": [["1323", "60b"], ["1345", "39a:39"]]}, "34": {"1": [["1345", "39a:34"]]}, "23": {"1": [["1323", "60a"], ["1345", "39a:23"]]}}, "76": {"1": {"1": [["1345", "38b:1"]]}, "31": {"1": [["1345", "38b:31"]], "2": [["1346", "95a"], ["1345", "38b:31"]]}, "14": {"1": [["1345", "38b:14"]]}}, "75": {"13": {"1": [["1345", "38a:13"]]}, "21": {"1": [["1345", "38a:21"]]}, "34": {"1": [["1345", "38a:34"]]}, "1": {"1": [["1340", "3b"], ["1345", "38a:1"]]}, "2": {"1": [["1345", "38a:2"]]}, "4": {"1": [["1345", "38a:4"]]}}, "74": {"23": {"1": [["1345", "37b:23"]]}, "33": {"1": [["1345", "37b:33"]]}, "31": {"1": [["1330", "72b"], ["1339", "111b"], ["1338", "54b"], ["1345", "37b:31"]]}, "34": {"1": [["1325", "30b"], ["1345", "37b:34"]]}, "1": {"1": [["1346", "91b"], ["1345", "37b:1"]]}, "5": {"1": [["1350", "21a"], ["1345", "37b:5"]]}, "8": {"1": [["1321", "96b"], ["1345", "37b:8"]]}}, "73": {"1": {"1": [["1345", "37a:1"]]}, "32": {"1": [["1321", "121a"], ["1321", "89a"], ["1345", "37a:32"]]}, "35": {"1": [["1345", "37a:35"]]}}, "72": {"25": {"1": [["1346", "25b"], ["1345", "36b:25"]]}, "44": {"1": [["1345", "36b:44"]]}, "20": {"1": [["1345", "36b:20"]]}}, "71": {"51": {"1": [["1345", "36a:51"]]}, "16": {"1": [["1345", "36a:16"]]}, "33": {"1": [["1345", "36a:33"]]}, "47": {"1": [["1345", "36a:47"]]}, "44": {"1": [["1345", "36a:44"]]}, "42": {"1": [["1345", "36a:42"]]}, "52": {"1": [["1345", "36a:52"]]}, "4": {"1": [["1345", "36a:4"]]}}, "70": {"25": {"1": [["1345", "35b:25"]]}, "5": {"1": [["1345", "35b:5"]]}, "28": {"1": [["1345", "35b:28"]]}, "35": {"1": [["1345", "35b:35"]]}}, "96": {"44": {"1": [["1345", "48b:44"]]}, "12": {"1": [["1345", "48b:12"]]}, "43": {"1": [["1345", "48b:43"]]}, "65": {"1": [["1345", "48b:65"]]}}, "79": {"11": {"1": [["1324", "34b"], ["1321", "36a"], ["1321", "86b"], ["1345", "40a:11"]]}, "39": {"1": [["1345", "40a:39"]]}, "14": {"1": [["1345", "40a:14"]]}, "33": {"1": [["1323", "60b"], ["1345", "40a:33"]]}, "32": {"1": [["1345", "40a:32"]]}, "51": {"1": [["1345", "40a:51"]], "2": [["1345", "40a:51"]]}, "19": {"1": [["1345", "40a:19"]], "2": [["1345", "40a:19"]]}, "6": {"1": [["1345", "40a:6"]]}}, "78": {"9": {"1": [["1345", "39b:9"]]}, "2": {"1": [["1345", "39b:2"]]}, "7": {"1": [["1345", "39b:7"]], "2": [["1345", "39b:7"]]}}}