{"1": {"6": [["27", "40:6"], ["33", "12:13"], ["12", "46:10"]]}, "3": {"1": [["5", "22:7"], ["5", "4:32"]], "2": [["13", "31:3"], ["2", "19:2"]], "5": [["29", "28:7"], ["30", "3:11"]], "4": [["30", "5:10"]], "7": [["30", "2:6"]]}, "2": {"8": [["5847", "1:151a:8"]]}, "5": {"12": [["5", "10:15"]], "5": [["1", "32:9"], ["20", "7:20"], ["35", "10:8"], ["27", "16:11"]], "7": [["1", "2:22"], ["1", "2:20"]], "6": [["27", "132:9"], ["5847", "1:148a"]]}, "4": {"3": [["27", "18:12"]]}, "6": {"1": [["2", "19:2"], ["1", "1:1"]], "2": [["4", "6:24"], ["5", "6:13"]], "5": [["1", "3:20"]]}}