{"25": {"1": [["1870", "42"], ["1870", "43"], ["1870", "44"], ["1870", "45"], ["1900", "42"], ["1900", "43"], ["1900", "44"], ["1900", "45"]]}, "26": {"1": [["1870", "46"], ["1900", "46"]]}, "27": {"1": [["1346", "70b:28"]]}, "20": {"1": [["1870", "38"], ["1870", "39"], ["1900", "38"], ["1900", "39"]]}, "21": {"1": [["1870", "40"], ["1900", "40"]]}, "23": {"1": [["1870", "41"], ["1900", "41"]]}, "28": {"1": [["1870", "47"], ["1870", "48"], ["1900", "47"], ["1900", "48"]]}, "1": {"1": [["1346", "70b:31"], ["738", "1"], ["1346", "70b"], ["1870", "1"], ["1870", "2"], ["1870", "3"], ["1900", "1"], ["1900", "2"], ["1900", "3"]]}, "3": {"1": [["1346", "70b:23"], ["1346", "70b:30"], ["1346", "70b:35"], ["1870", "4"], ["1900", "4"], ["1870", "15"], ["1870", "16"], ["1870", "17"], ["1870", "18"], ["1870", "19"], ["1870", "20"], ["1870", "21"], ["1870", "22"], ["1870", "23"], ["1870", "24"], ["1900", "15"], ["1900", "16"], ["1900", "17"], ["1900", "18"], ["1900", "19"], ["1900", "20"], ["1900", "21"], ["1900", "22"], ["1900", "23"], ["1900", "24"]], "2": [["738", "1"]], "5": [["738", "2"]], "6": [["790", "3"]]}, "2": {"1": [["1346", "70b:23"], ["1346", "70b:28"], ["738", "1"], ["1870", "1"], ["1870", "2"], ["1870", "3"], ["1900", "1"], ["1900", "2"], ["1900", "3"], ["1870", "4"], ["1870", "5"], ["1870", "6"], ["1870", "7"], ["1870", "8"], ["1870", "9"], ["1870", "10"], ["1870", "11"], ["1870", "12"], ["1870", "13"], ["1870", "14"], ["1900", "4"], ["1900", "5"], ["1900", "6"], ["1900", "7"], ["1900", "8"], ["1900", "9"], ["1900", "10"], ["1900", "11"], ["1900", "12"], ["1900", "13"], ["1900", "14"]], "2": [["2", "15"], ["1321", "82a"], ["738", "3"], ["738", "1"], ["4", "15"]]}, "5": {"1": [["1346", "70b:17"], ["1346", "70b:29"], ["738", "3"], ["1870", "33"], ["1870", "34"], ["1870", "35"], ["1870", "36"], ["1900", "33"], ["1900", "34"], ["1900", "35"], ["1900", "36"]]}, "4": {"1": [["1870", "5"], ["1870", "6"], ["1870", "7"], ["1870", "8"], ["1870", "9"], ["1870", "10"], ["1870", "11"], ["1870", "12"], ["1870", "13"], ["1870", "14"], ["1900", "5"], ["1900", "6"], ["1900", "7"], ["1900", "8"], ["1900", "9"], ["1900", "10"], ["1900", "11"], ["1900", "12"], ["1900", "13"], ["1900", "14"], ["1870", "25"], ["1870", "26"], ["1870", "27"], ["1870", "28"], ["1870", "29"], ["1870", "30"], ["1870", "31"], ["1870", "32"], ["1900", "25"], ["1900", "26"], ["1900", "27"], ["1900", "28"], ["1900", "29"], ["1900", "30"], ["1900", "31"], ["1900", "32"]], "2": [["737", "3"]]}, "7": {"1": [["1870", "21"], ["1900", "21"], ["1870", "40"], ["1900", "40"]]}, "6": {"1": [["1870", "15"], ["1870", "16"], ["1870", "17"], ["1870", "18"], ["1870", "19"], ["1870", "20"], ["1900", "15"], ["1900", "16"], ["1900", "17"], ["1900", "18"], ["1900", "19"], ["1900", "20"], ["1870", "37"], ["1870", "38"], ["1870", "39"], ["1900", "37"], ["1900", "38"], ["1900", "39"]]}, "9": {"1": [["1870", "42"], ["1870", "43"], ["1870", "44"], ["1870", "45"], ["1870", "46"], ["1900", "42"], ["1900", "43"], ["1900", "44"], ["1900", "45"], ["1900", "46"]]}, "8": {"1": [["1870", "41"], ["1900", "41"]]}, "11": {"1": [["1870", "25"], ["1900", "25"], ["1870", "50"], ["1870", "51"], ["1900", "50"], ["1900", "51"]]}, "10": {"1": [["1346", "70b:23"], ["738", "4"], ["1870", "22"], ["1870", "23"], ["1870", "24"], ["1900", "22"], ["1900", "23"], ["1900", "24"], ["1870", "47"], ["1870", "48"], ["1870", "49"], ["1900", "47"], ["1900", "48"], ["1900", "49"]]}, "13": {"1": [["1870", "29"], ["1900", "29"], ["1870", "54"], ["1900", "54"]]}, "12": {"1": [["1870", "26"], ["1870", "27"], ["1870", "28"], ["1900", "26"], ["1900", "27"], ["1900", "28"], ["1870", "52"], ["1870", "53"], ["1900", "52"], ["1900", "53"]]}, "15": {"1": [["1870", "32"], ["1900", "32"]]}, "14": {"1": [["1870", "30"], ["1870", "31"], ["1900", "30"], ["1900", "31"], ["1870", "55"], ["1870", "56"], ["1870", "57"], ["1870", "58"], ["1870", "59"], ["1870", "60"], ["1870", "61"], ["1870", "62"], ["1870", "63"], ["1870", "64"], ["1870", "65"], ["1900", "55"], ["1900", "56"], ["1900", "57"], ["1900", "58"], ["1900", "59"], ["1900", "60"], ["1900", "61"], ["1900", "62"], ["1900", "63"], ["1900", "64"], ["1900", "65"]], "2": [["1354", "6a"]]}, "17": {"1": [["1346", "70b:29"], ["1870", "33"], ["1900", "33"]]}, "19": {"1": [["1870", "37"], ["1900", "37"]]}, "18": {"1": [["1870", "34"], ["1870", "35"], ["1870", "36"], ["1900", "34"], ["1900", "35"], ["1900", "36"]]}, "31": {"1": [["1870", "50"], ["1870", "51"], ["1900", "50"], ["1900", "51"]]}, "30": {"1": [["1870", "49"], ["1900", "49"]]}, "37": {"1": [["1870", "56"], ["1870", "57"], ["1870", "58"], ["1870", "59"], ["1870", "60"], ["1870", "61"], ["1870", "62"], ["1870", "63"], ["1870", "64"], ["1870", "65"], ["1900", "56"], ["1900", "57"], ["1900", "58"], ["1900", "59"], ["1900", "60"], ["1900", "61"], ["1900", "62"], ["1900", "63"], ["1900", "64"], ["1900", "65"]]}, "36": {"1": [["1870", "55"], ["1900", "55"]]}, "34": {"1": [["1870", "54"], ["1900", "54"]]}, "33": {"1": [["1870", "52"], ["1870", "53"], ["1900", "52"], ["1900", "53"]]}}