{"11": {"1": [["5", "4:14"], ["5", "14:22"], ["12", "24:5"]]}, "10": {"1": [["28", "31:21"], ["5", "4:15"], ["1", "1:33"], ["27", "40:3"], ["27", "68:15"], ["5", "15:14"], ["5", "15:10"], ["5", "15:11"], ["5", "14:22"]]}, "13": {"1": [["29", "31:38"], ["5", "4:15"], ["13", "23:24"], ["27", "104:32"], ["29", "31:39"], ["5", "14:25"], ["29", "31:40"], ["5", "26:13"], ["5", "14:22"]]}, "12": {"1": [["28", "6:20"], ["5", "4:14"], ["1", "14:22"], ["1", "26:12"], ["5", "14:24"], ["1", "28:22"], ["4", "18:26"]], "2": [["20", "7:20"], ["1", "48:5"], ["28", "6:20"], ["27", "40:9"], ["13", "31:33"], ["5", "14:22"], ["38", "27:25"]]}, "15": {"1": [["35", "9:7"], ["35", "3:27"]], "2": [["5", "14:22"]]}, "14": {"1": [["35", "9:7"], ["5", "4:16"], ["25", "10:11"], ["14", "16:19"], ["37", "9:20"], ["12", "28:20"], ["7", "1:22"]]}, "17": {"1": [["5", "14:22"], ["5", "4:18"], ["1", "25:29"], ["1", "25:27"]], "3": [["5", "14:22"], ["3", "27:30"], ["5", "14:23"], ["15", "2:11"], ["5", "28:12"], ["5", "28:24"]], "2": [["5", "14:22"], ["26", "3:10"]], "4": [["5", "14:29"], ["5", "16:14"], ["12", "56:7"]]}, "16": {"1": [["5", "14:22"], ["5", "14:21"], ["5", "4:17"], ["2", "23:19"], ["2", "34:26"], ["1", "18:8"], ["1", "18:7"], ["11", "19:26"]]}, "1": {"1": [["5", "11:26"], ["13", "21:8"], ["27", "78:1"], ["27", "89:1"], ["5", "4:1"], ["5", "4:9"], ["6", "1:8"], ["27", "1:2"], ["28", "4:2"], ["35", "9:10"]]}, "3": {"1": [["5", "12:29"], ["5", "4:9"], ["17", "2:9"], ["2", "15:19"], ["2", "15:10"], ["14", "38:22"], ["14", "38:23"], ["12", "5:7"], ["12", "33:12"], ["7", "3:1"]]}, "2": {"1": [["27", "78:1"], ["28", "16:23"], ["2", "32:19"], ["27", "106:20"], ["5", "10:11"], ["27", "77:21"], ["27", "77:1"], ["5", "10:1"], ["12", "51:16"]]}, "5": {"1": [["28", "28:22"], ["2", "22:13"]]}, "4": {"1": [["5", "14:22"], ["28", "28:22"], ["2", "6:5"], ["3", "9:1"], ["5", "4:10"], ["2", "6:13"], ["1", "23:9"]], "2": [["1", "23:15"], ["1", "23:16"], ["1", "25:9"]]}, "7": {"1": [["28", "28:22"], ["5", "14:22"]]}, "6": {"1": [["28", "28:22"], ["28", "8:22"], ["28", "28:8"]]}, "9": {"1": [["28", "3:9"], ["5", "4:12"]], "3": [["28", "3:9"]], "2": [["28", "3:9"]], "5": [["5", "14:22"]], "4": [["5", "4:12"]]}, "8": {"1": [["27", "37:3"], ["5", "4:11"], ["27", "101:6"]], "2": [["5", "26:11"], ["28", "4:2"], ["5", "14:22"], ["12", "58:13"]]}}